countryname,year,lifeladder,loggdppercapita,socialsupport,healthylifeexpectancyatbirth,freedomtomakelifechoices,generosity,perceptionsofcorruption,positiveaffect,negativeaffect,code,house_price,ptr_ratio,r_house_price,rent_price,gini,life_expectancy,social_expenditure,housing_expenditure_ratio,ownership,pri_ratio,employment_rate,idcode,gini_dum,social_expenditure_dum,gini_dum_int,socialexp_dum_int,owner_dum,owner_dum_int,gini_dum_int_sq,ln_house_price,ln_r_house_price,r_house_price_growth
Australia,2012,7.1960001,10.744,.94499999,70.360001,.935,.26800001,.368,.72799999,.214,AUS,78.900002,84.900002,83.099998,92.900002,.326,82,21.063999,23.355175,62.900002,85.199997,72.345581,Australia,1,1,.32600001,21.063999,1,62.900002,.10627601,4.3681812,4.4200449,
Australia,2013,7.3639998,10.752,.92799997,70.440002,.93300003,.26300001,.43200001,.76999998,.177,AUS,84.099998,87.599998,86.599998,96,,82.099998,21.326,23.455395,62.400002,88.400002,71.970444,Australia,0,1,0,21.326,1,62.400002,0,4.4320064,4.4612999,.041255113
Australia,2014,7.289,10.763,.92400002,70.519997,.92299998,.31299999,.442,.74000001,.245,AUS,91.699997,93.199997,92.900002,98.400002,.337,82.300003,22.372999,23.435438,62.799999,93.099998,71.566353,Australia,1,1,.33700001,22.372999,1,62.799999,.11356901,4.5185223,4.5315237,.070223868
Australia,2015,7.309,10.77,.95200002,70.599998,.92199999,.32699999,.35699999,.75,.20999999,AUS,100,100,100,100,,82.400002,22.962,23.331327,63.5,100,72.157959,Australia,0,1,0,22.962,1,63.5,0,4.6051702,4.6051702,.073646523
Australia,2016,7.25,10.781,.94199997,70.675003,.92199999,.233,.39899999,.736,.236,AUS,105.5,104.7,104.8,100.8,.33,82.400002,22.414,23.403124,63,105.1,72.384537,Australia,1,1,.33000001,22.414,1,63,.10890001,4.658711,4.6520538,.046883617
Australia,2017,7.257,10.787,.94999999,70.75,.91100001,.31200001,.41100001,.72799999,.22499999,AUS,114.3,112.7,112.2,101.4,,82.5,21.674,23.610359,62.799999,112.4,72.771057,Australia,0,1,0,21.674,1,62.799999,0,4.7388268,4.720283,.068229161
Australia,2018,7.177,10.801,.94,70.824997,.91600001,.141,.405,.70599997,.18700001,AUS,112.7,110.4,108.8,102.1,.325,82.699997,21.062,23.712233,62.5,107.6,73.489258,Australia,1,1,.32499999,21.062,1,62.5,.10562499,4.7247295,4.6895113,-.030771604
Australia,2019,7.2340002,10.807,.94300002,70.900002,.91799998,.115,.43000001,.727,.20200001,AUS,108.1,105.5,102.5,102.4,,82.900002,24.212999,24.914545,62.700001,100.5,74.110626,Australia,0,1,0,24.212999,1,62.700001,0,4.6830568,4.6298628,-.059648562
Austria,2012,7.401,10.884,.94499999,70.099998,.92000002,.112,.77100003,.71200001,.15700001,AUT,86.900002,97.199997,91.400002,89.300003,.276,81.099998,28.424999,21.46044,49.599998,88.300003,71.425003,Austria,1,1,.27599999,28.424999,1,49.599998,.076175995,4.4647579,4.5152454,
Austria,2013,7.4990001,10.878,.94999999,70.199997,.92199999,.163,.67900002,.72500002,.163,AUT,91.199997,99,94.099998,92.099998,.28,81.300003,28.862,21.765268,49.900002,93.800003,71.400002,Austria,1,1,.28,28.862,1,49.900002,.078400001,4.5130548,4.5443583,.029112535
Austria,2014,6.9499998,10.877,.89899999,70.300003,.88499999,.112,.56699997,.72100002,.17,AUT,94.699997,98.900002,95.900002,95.800003,.274,81.599998,29.035999,21.922367,49.700001,95.699997,71.074997,Austria,1,1,.27399999,29.035999,1,49.700001,.075075991,4.550714,4.5633059,.018947968
Austria,2015,7.0760002,10.876,.92799997,70.400002,.89999998,.093000002,.55699998,.74800003,.164,AUT,100,100,100,100,.275,81.300003,29.061001,22.071707,48.799999,100,71.099998,Austria,1,1,.27500001,29.061001,1,48.799999,.075625002,4.6051702,4.6051702,.041864187
Austria,2016,7.0479999,10.885,.926,70.525002,.889,.074000001,.52399999,.713,.197,AUT,106.7,103.5,105.3,103.1,.284,81.800003,28.979,22.123238,47.900002,103.8,71.550003,Austria,1,1,.28400001,28.979,1,47.900002,.080656007,4.6700211,4.6568136,.051643264
Austria,2017,7.2940001,10.9,.90600002,70.650002,.88999999,.12800001,.51800001,.699,.18000001,AUT,112.1,104.5,108.7,107.3,.275,81.699997,28.613001,22.278522,47.400002,106.8,72.199997,Austria,1,1,.27500001,28.613001,1,47.400002,.075625002,4.7193913,4.688592,.031778317
Austria,2018,7.3959999,10.919,.912,70.775002,.90399998,.048,.523,.69499999,.226,AUT,118.8,106.7,112.8,111.3,.28,81.800003,28.385,22.246086,47.799999,109.7,73.025002,Austria,1,1,.28,28.385,1,47.799999,.078400001,4.7774415,4.7256165,.037024599
Austria,2019,7.1950002,10.93,.96399999,70.900002,.903,.054000001,.45699999,.727,.205,AUT,126,109.9,117.5,114.6,.274,82,28.552,22.50852,47.799999,114.6,73.525002,Austria,1,1,.27399999,28.552,1,47.799999,.075075991,4.8362818,4.7664385,.040821966
Belgium,2012,6.9349999,10.783,.92699999,69.519997,.85500002,-.056000002,.75800002,.71799999,.23800001,BEL,97.099998,101.4,99.599998,95.699997,,80.5,27.966999,24.738842,67.199997,99,61.825001,Belgium,0,1,0,27.966999,1,67.199997,0,4.5757413,4.601162,
Belgium,2013,7.1040001,10.783,.90899998,69.68,.89099997,.011,.574,.73799998,.21699999,BEL,98.599998,101.6,100.1,97,,80.699997,28.344999,24.801533,66.800003,100,61.799999,Belgium,0,1,0,28.344999,1,66.800003,0,4.5910711,4.6061697,.0050075217
Belgium,2014,6.855,10.794,.94400001,69.839996,.861,-.0049999999,.51200002,.74400002,.252,BEL,98.199997,99.199997,99,99,,81.400002,28.399,24.101072,66.099998,98.800003,61.900002,Belgium,0,1,0,28.399,1,66.099998,0,4.5870061,4.59512,-.011049821
Belgium,2015,6.9039998,10.809,.88499999,70,.86900002,.056000002,.46900001,.74699998,.23999999,BEL,100,100,100,100,,81.099998,29.059999,23.934765,65.900002,100,61.799999,Belgium,0,1,0,29.059999,1,65.900002,0,4.6051702,4.6051702,.010050336
Belgium,2016,6.9489999,10.816,.92900002,70.150002,.866,-.061999999,.49700001,.70099998,.25999999,BEL,102.3,101.4,100.8,100.9,,81.5,28.43,23.746279,66.199997,99.800003,62.299999,Belgium,0,1,0,28.43,1,66.199997,0,4.6279097,4.6131382,.0079682004
Belgium,2017,6.928,10.829,.92199999,70.300003,.85699999,.048999999,.54299998,.713,.234,BEL,105.9,103.8,102.3,102,,81.599998,28.280001,23.848291,67.800003,100.1,63.125,Belgium,0,1,0,28.280001,1,67.800003,0,4.6624951,4.6279097,.014771317
Belgium,2018,6.8920002,10.842,.93000001,70.449997,.80800003,-.13,.63,.68199998,.25,BEL,109.1,105.9,103.3,103.1,.258,81.699997,28.360001,23.90361,67.300003,100.2,64.449997,Belgium,1,1,.25799999,28.360001,1,67.300003,.066563994,4.692265,4.6376376,.0097277025
Belgium,2019,6.7719998,10.859,.884,70.599998,.77600002,-.178,.67199999,.699,.244,BEL,113.2,108.7,105.6,104.2,.262,82.099998,28.222,23.745995,66.300003,100.1,65.300003,Belgium,1,1,.26199999,28.222,1,66.300003,.068643995,4.729156,4.6596584,.022020951
Canada,2012,7.415,10.739,.94800001,70.919998,.91799998,.28400001,.46599999,.77600002,.229,CAN,87.599998,91.400002,91.5,95.900002,.317,81.800003,17.222,23.830967,69.599998,95.300003,72.316673,Canada,1,1,.317,17.222,1,69.599998,.100489,4.4727812,4.5163388,
Canada,2013,7.5939999,10.752,.93599999,70.980003,.91600001,.31,.40599999,.801,.26300001,CAN,90.099998,92.5,92.800003,97.400002,.319,81.800003,16.986,24.047527,69.099998,95.099998,72.716667,Canada,1,1,.31900001,16.986,1,69.099998,.10176101,4.5009203,4.5304465,.0141077
Canada,2014,7.3039999,10.77,.91799998,71.040001,.93900001,.264,.442,.79100001,.259,CAN,94.900002,96,95.900002,98.800003,.312,81.900002,16.913,24.127289,69.800003,97.900002,72.5,Canada,1,1,.31200001,16.913,1,69.800003,.097344004,4.5528235,4.5633059,.032859325
Canada,2015,7.4130001,10.769,.93900001,71.099998,.93099999,.24699999,.42699999,.792,.28600001,CAN,100,100,100,100,.318,81.900002,17.934,24.231375,69.099998,100,72.741669,Canada,1,1,.31799999,17.934,1,69.099998,.101124,4.6051702,4.6051702,.041864187
Canada,2016,7.2449999,10.768,.92400002,71.150002,.912,.205,.38499999,.76800001,.237,CAN,110,109.3,109.1,100.7,.307,82,18.296,24.23506,68.099998,111,72.675003,Canada,1,1,.30700001,18.296,1,68.099998,.09424901,4.7004805,4.692265,.087094694
Canada,2017,7.415,10.786,.93400002,71.199997,.94499999,.15700001,.36199999,.79900002,.21799999,CAN,122.7,121.1,120.4,101.3,.31,81.900002,18.028999,23.912947,68.800003,119.5,73.566673,Canada,1,1,.31,18.028999,1,68.800003,.096100003,4.8097425,4.7908196,.098554663
Canada,2018,7.1750002,10.799,.92299998,71.25,.94599998,.1,.37200001,.773,.259,CAN,127.2,124.1,122.9,102.5,.304,81.900002,18.004,23.838188,69.199997,122.1,74.025002,Canada,1,1,.30399999,18.004,1,69.199997,.092415996,4.8457608,4.8113708,.020551484
Canada,2019,7.1090002,10.803,.92500001,71.300003,.912,.105,.43599999,.78100002,.285,CAN,129,122.6,122.7,105.3,.3,82.300003,18.784,24.239151,69.599998,120.1,74.599998,Canada,1,1,.30000001,18.784,1,69.599998,.090000004,4.8598123,4.8097425,-.0016287022
Colombia,2012,6.375,9.4680004,.91399997,67.639999,.82800001,-.015,.86799997,.829,.294,COL,77.699997,86.099998,87,90.199997,,74.699997,13.742,15.963941,43.400002,94.699997,66.014999,Colombia,0,1,0,13.742,1,43.400002,0,4.3528552,4.4659081,
Colombia,2013,6.6069999,9.5080004,.90100002,67.860001,.84100002,-.075999998,.898,.815,.278,COL,85.099998,90.900002,93.199997,93.599998,,75,14.472,16.08852,43.299999,97.400002,66.214157,Colombia,0,1,0,14.472,1,43.299999,0,4.4438272,4.5347476,.068839572
Colombia,2014,6.4489999,9.5419998,.90700001,68.080002,.801,-.096000001,.88700002,.82499999,.278,COL,92,95.099998,97.699997,96.699997,,75.199997,15.416,16.05092,41.400002,99.900002,66.709999,Colombia,0,1,0,15.416,1,41.400002,0,4.5217886,4.5819016,.047153838
Colombia,2015,6.388,9.5620003,.88999999,68.300003,.79100001,-.106,.84299999,.80299997,.292,COL,100,100,100,100,,75.400002,15.892,15.789909,40.5,100,67.385002,Colombia,0,1,0,15.892,1,40.5,0,4.6051702,4.6051702,.023268659
Colombia,2016,6.2340002,9.5719995,.88200003,68.474998,.83499998,-.106,.898,.76999998,.294,COL,109.6,105.4,102.9,104,,75.699997,15.541,15.849312,40.400002,104.3,67.032501,Colombia,0,1,0,15.541,1,40.400002,0,4.6968374,4.6337576,.028587472
Colombia,2017,6.1570001,9.5699997,.90899998,68.650002,.838,-.163,.875,.79000002,.29899999,COL,117,108,105.9,108.3,,75.900002,15.555,15.993696,39.200001,104.8,66.933327,Colombia,0,1,0,15.555,1,39.200001,0,4.7621741,4.6624951,.02873761
Colombia,2018,5.9840002,9.5769997,.87099999,68.824997,.85100001,-.154,.85500002,.77499998,.301,COL,123.3,109.9,108.1,112.3,,76.5,15.202,16.207159,38.400002,105.3,66.450844,Colombia,0,1,0,15.202,1,38.400002,0,4.8146205,4.6830568,.020561444
Colombia,2019,6.3499999,9.5900002,.87300003,69,.82200003,-.177,.85399997,.79100001,.322,COL,130,112.5,109.6,115.6,,76.599998,15.807,16.050394,38.200001,106.5,65.366669,Colombia,0,1,0,15.807,1,38.200001,0,4.8675346,4.6968374,.01378065
Czechia,2012,6.3340001,10.425,.912,67.940002,.74000001,-.16,.95700002,.63499999,.257,CZE,93.800003,97.5,96.099998,96.300003,.254,78.099998,20.605,27.742529,78.199997,100.2,66.550003,Czechia,1,1,.25400001,20.605,1,78.199997,.064516,4.5411649,4.5653892,
Czechia,2013,6.698,10.424,.88800001,68.059998,.72600001,-.162,.91600001,.65600002,.25299999,CZE,93.900002,95.5,95.5,98.300003,.259,78.300003,21.033001,27.665178,77.900002,100.4,67.724998,Czechia,1,1,.259,21.033001,1,77.900002,.067081004,4.5422306,4.5591264,-.0062630526
Czechia,2014,6.4840002,10.445,.87800002,68.18,.80000001,-.17399999,.89700001,.63800001,.235,CZE,96.199997,97,96.699997,99.199997,.257,78.900002,20.457001,26.527071,76.5,98.900002,68.974998,Czechia,1,1,.257,20.457001,1,76.5,.066049002,4.5664291,4.5716133,.012487124
Czechia,2015,6.6079998,10.496,.91100001,68.300003,.80800003,-.152,.88599998,.68900001,.206,CZE,100,100,100,100,.258,78.699997,19.673,26.244638,75.400002,100,70.224998,Czechia,1,1,.25799999,19.673,1,75.400002,.066563994,4.6051702,4.6051702,.033556815
Czechia,2016,6.7360001,10.519,.93099999,68.425003,.85000002,-.204,.89999998,.70999998,.20100001,CZE,107.2,105.9,106,101.2,.253,79.099998,19.315001,26.095459,75.300003,103.1,71.949997,Czechia,1,1,.25299999,19.315001,1,75.300003,.064008996,4.6746964,4.6634393,.058268908
Czechia,2017,6.79,10.567,.90100002,68.550003,.83200002,-.183,.86699998,.67199999,.227,CZE,119.7,115.8,115,103.4,.249,79.099998,19.370001,25.912025,75.599998,106.7,73.625,Czechia,1,1,.249,19.370001,1,75.599998,.062000997,4.7849884,4.7449322,.081493035
Czechia,2018,7.0339999,10.595,.92900002,68.675003,.79000002,-.29899999,.85100001,.67400002,.178,CZE,130,122.1,121.4,106.4,.249,79.099998,19.525,26.516785,75.400002,108.1,74.824997,Czechia,1,1,.249,19.525,1,75.400002,.062000997,4.8675346,4.7990909,.054158762
Denmark,2012,7.52,10.844,.95099998,69.839996,.93300003,.133,.18700001,.78299999,.20900001,DNK,86.699997,91.800003,88,94.5,.249,80.199997,32.105,29.528814,54.400002,91.800003,71.025002,Denmark,1,1,.249,32.105,1,54.400002,.062000997,4.4624538,4.4773369,
Denmark,2013,7.5890002,10.849,.96499997,70.059998,.92000002,.20900001,.17,.82599998,.19499999,DNK,90.099998,93.400002,90.800003,96.5,.254,80.400002,32.779999,30.028486,54.700001,93.699997,70.775002,Denmark,1,1,.25400001,32.779999,1,54.700001,.064516,4.5009203,4.5086594,.031322505
Denmark,2014,7.5079999,10.86,.95599997,70.279999,.94199997,.112,.237,.77999997,.233,DNK,93.5,95.199997,93.599998,98.099998,.256,80.699997,33.042999,29.536896,53.900002,96.900002,71.099998,Denmark,1,1,.25600001,33.042999,1,53.900002,.065536007,4.5379615,4.5390306,.030371048
Denmark,2015,7.5139999,10.876,.95999998,70.5,.94099998,.21600001,.191,.801,.21799999,DNK,100,100,100,100,.263,80.800003,32.610001,29.269659,53.299999,100,71.974998,Denmark,1,1,.26300001,32.610001,1,53.299999,.069169007,4.6051702,4.6051702,.066139817
Denmark,2016,7.5580001,10.9,.954,70.625,.94800001,.132,.20999999,.78600001,.208,DNK,104.6,103.2,104.5,101.3,.261,80.900002,31.583,28.981518,52.5,99.699997,72.675003,Denmark,1,1,.26100001,31.583,1,52.5,.068121001,4.6501436,4.6491871,.044016887
Denmark,2017,7.5939999,10.922,.95200002,70.75,.95499998,.149,.18099999,.77899998,.206,DNK,109.7,106.6,108.6,103,.264,81.099998,31.247,28.467745,53.900002,102.8,73.224998,Denmark,1,1,.264,31.247,1,53.900002,.069696002,4.6977491,4.6876712,.038484324
Denmark,2018,7.6490002,10.936,.958,70.875,.935,.012,.15099999,.773,.206,DNK,114.6,110,112.9,104.2,.263,81,30.816,28.403517,52.900002,104.7,74.125,Denmark,1,1,.26300001,30.816,1,52.900002,.069169007,4.7414479,4.7265024,.038831092
Denmark,2019,7.6929998,10.948,.958,71,.963,.015,.17399999,.79699999,.18099999,DNK,117.2,111.5,114.5,105.1,.268,81.5,30.796,28.092548,52.700001,104,75,Denmark,1,1,.26800001,30.796,1,52.700001,.071824007,4.7638817,4.7405748,.014072338
Estonia,2012,5.3639998,10.275,.889,67.459999,.69700003,-.197,.79299998,.62699997,.199,EST,74.400002,101,77.300003,73.599998,,76.699997,15.753,19.646843,78.300003,91.300003,67.974998,Estonia,0,1,0,15.753,1,78.300003,0,4.3094559,4.3476939,
Estonia,2013,5.3670001,10.293,.90100002,67.739998,.75400001,-.206,.72600001,.65100002,.199,EST,82.300003,97.900002,83,84,.356,77.5,15.676,19.123291,76.5,91.800003,69.175003,Estonia,1,1,.35600001,15.676,1,76.5,.126736,4.4103713,4.4188404,.071146615
Estonia,2014,5.5560002,10.325,.917,68.019997,.773,-.15800001,.65200001,.62,.20299999,EST,93.599998,100.4,93.699997,93.199997,.346,77.400002,15.983,18.522295,77.199997,100.3,70.224998,Estonia,1,1,.34599999,15.983,1,77.199997,.11971599,4.5390306,4.5400982,.12125755
Estonia,2015,5.6290002,10.343,.91799998,68.300003,.815,-.169,.56900001,.64899999,.183,EST,100,100,100,100,.33,78,17.278999,18.123709,76.900002,100,72.074997,Estonia,1,1,.33000001,17.278999,1,76.900002,.10890001,4.6051702,4.6051702,.06507203
Estonia,2016,5.6500001,10.374,.93800002,68.525002,.84299999,-.155,.639,.65700001,.177,EST,104.7,98.300003,102.9,106.5,.314,78,17.533001,17.959969,76.300003,99.900002,72.400002,Estonia,1,1,.31400001,17.533001,1,76.300003,.098596007,4.6510992,4.6337576,.028587472
Estonia,2017,5.9380002,10.429,.93599999,68.75,.86199999,-.107,.66799998,.74000001,.16,EST,110.5,96.699997,103.9,114.3,.309,78.400002,17.028,17.888275,77.099998,97.900002,74.5,Estonia,1,1,.30899999,17.028,1,77.099998,.095480993,4.7050157,4.6434288,.009671255
Estonia,2018,6.0910001,10.463,.93300003,68.974998,.88599998,-.147,.62099999,.73000002,.163,EST,117.1,96,106.3,121.9,.305,78.5,17.462,18.005636,77.400002,92.099998,75.050003,Estonia,1,1,.30500001,17.462,1,77.400002,.093025006,4.7630281,4.6662655,.022836402
Estonia,2019,6.0349998,10.496,.93400002,69.199997,.88700002,-.101,.57599998,.73799998,.156,EST,125.3,95.800003,110.4,130.7,.305,79,17.907,18.497095,76.400002,93,75.550003,Estonia,1,1,.30500001,17.907,1,76.400002,.093025006,4.8307109,4.7041101,.037844833
Finland,2012,7.4200001,10.735,.92799997,70.040001,.921,-.0070000002,.361,.74199998,.20200001,FIN,99.199997,108.4,103.4,91.5,.26,80.699997,28.438,25.857769,68.099998,102.5,68.449997,Finland,1,1,.25999999,28.438,1,68.099998,.067599997,4.5971379,4.6386051,
Finland,2013,7.4450002,10.722,.94099998,70.260002,.91900003,.034000002,.30599999,.75199997,.19499999,FIN,100.4,106.6,102.1,94.199997,.262,81.099998,29.552,26.554148,67.300003,102.1,68.074997,Finland,1,1,.26199999,29.552,1,67.300003,.068643995,4.6091623,4.6259527,-.012652267
Finland,2014,7.3850002,10.714,.95200002,70.480003,.93300003,-.0070000002,.26499999,.76599997,.199,FIN,100,103,100.5,97.099998,.257,81.300003,30.285,27.187511,66.400002,101.3,67.949997,Finland,1,1,.257,30.285,1,66.400002,.066049002,4.6051702,4.6101575,-.015794983
Finland,2015,7.448,10.716,.94800001,70.699997,.93000001,.105,.223,.736,.191,FIN,100,100,100,100,.26,81.599998,30.638,27.898113,65.900002,100,67.550003,Finland,1,1,.25999999,30.638,1,65.900002,.067599997,4.6051702,4.6051702,-.0049875416
Finland,2016,7.6599998,10.741,.954,70.775002,.94800001,-.033,.25,.76899999,.182,FIN,101.3,99,101.1,102.3,.259,81.5,30.546,28.2857,64.599998,100,68.224998,Finland,1,1,.259,30.546,1,64.599998,.067081004,4.6180863,4.6161103,.010939925
Finland,2017,7.7880001,10.77,.96399999,70.849998,.96200001,-.0080000004,.192,.75599998,.176,FIN,102.4,98.099998,101.2,104.4,.266,81.699997,29.674,28.549706,64.599998,99,69.074997,Finland,1,1,.266,29.674,1,64.599998,.070756003,4.6288867,4.6170988,.00098861579
Finland,2018,7.8579998,10.78,.96200001,70.925003,.93800002,-.133,.199,.74900001,.182,FIN,103.3,97.199997,100.8,106.4,.269,81.800003,29.391001,28.587164,64.699997,97,71.150002,Finland,1,1,.26899999,29.391001,1,64.699997,.072361,4.6376376,4.6131382,-.0039603407
Finland,2019,7.7800002,10.791,.93699998,71,.94800001,-.057999998,.19499999,.73199999,.18099999,FIN,103.8,95.599998,100.3,108.5,.273,82.099998,29.454,28.830301,64,94.599998,72,Finland,1,1,.273,29.454,1,64,.074529,4.6424661,4.6081657,-.0049726604
France,2012,6.6490002,10.664,.93699998,71.400002,.84100002,-.155,.60799998,.70499998,.25299999,FRA,106,109.5,107.1,96.800003,,82.099998,31.177,26.126055,60.599998,107,64.375,France,0,1,0,31.177,1,60.599998,0,4.6634393,4.6737628,
France,2013,6.6669998,10.665,.90799999,71.5,.87800002,-.13,.699,.741,.205,FRA,103.8,105.6,104.2,98.300003,,82.400002,32.325001,26.601458,61.099998,105.6,64.375,France,0,1,0,32.325001,1,61.099998,0,4.6424661,4.6463122,-.027450863
France,2014,6.467,10.669,.87800002,71.599998,.80299997,-.124,.65600002,.759,.21600001,FRA,101.9,102.6,102.2,99.400002,,82.900002,32.647999,26.501879,61.400002,102.7,64.525002,France,0,1,0,32.647999,1,61.400002,0,4.623992,4.6269317,-.019380452
France,2015,6.3579998,10.677,.89600003,71.699997,.81699997,-.145,.64099997,.74000001,.215,FRA,100,100,100,100,,82.400002,32.465,26.465874,60.900002,100,64.699997,France,0,1,0,32.465,1,60.900002,0,4.6051702,4.6051702,-.021761462
France,2016,6.4749999,10.685,.88499999,71.800003,.787,-.097000003,.62300003,.71499997,.27000001,FRA,100.9,100.6,100.7,100.3,,82.699997,32.639999,26.420404,61.5,99.599998,65,France,0,1,0,32.639999,1,61.5,0,4.61413,4.6121459,.0069755833
France,2017,6.6350002,10.705,.93099999,71.900002,.83399999,-.12899999,.60100001,.71600002,.242,FRA,104,103.4,103,100.5,,82.699997,32.16,26.169289,61,100.5,65.550003,France,0,1,0,32.16,1,61,0,4.6443911,4.6347289,.022583218
France,2018,6.6659999,10.72,.921,72,.81599998,-.14300001,.58200002,.70499998,.28200001,FRA,107.1,106.9,104.1,100.2,,82.800003,31.728001,26.131699,61.900002,101.3,66.150002,France,0,1,0,31.728001,1,61.900002,0,4.6737628,4.6453519,.010622973
France,2019,6.6900001,10.735,.958,72.099998,.82700002,-.139,.56800002,.69300002,.25,FRA,110.7,109.9,106.7,100.7,,83,31.489,26.237085,60.599998,101.7,66.375,France,0,1,0,31.489,1,60.599998,0,4.7068238,4.6700211,.024669169
Germany,2012,6.7020001,10.817,.926,70.040001,.90399998,.064999998,.67900002,.699,.17,DEU,89.800003,93.400002,92.599998,96.099998,.289,80.699997,26.982,24.855179,44.799999,94.699997,72.050003,Germany,1,1,.289,26.982,1,44.799999,.083521001,4.4975848,4.5282893,
Germany,2013,6.9650002,10.819,.93099999,70.059998,.89399999,.017999999,.56599998,.69300002,.205,DEU,92.5,95,94,97.400002,.292,80.599998,27.266001,25.234655,,96.599998,72.525002,Germany,1,1,.292,27.266001,0,0,.085263997,4.5272088,4.5432949,.015005657
Germany,2014,6.9840002,10.837,.93800002,70.080002,.89899999,.082000002,.47400001,.73900002,.18799999,DEU,95.5,96.599998,96,98.800003,.289,81.199997,27.143,24.718151,45,97.5,72.800003,Germany,1,1,.289,27.143,1,45,.083521001,4.5591264,4.5643482,.021053409
Germany,2015,7.0370002,10.843,.926,70.099998,.889,.17200001,.412,.722,.20299999,DEU,100,100,100,100,.293,80.699997,27.459999,24.505621,43.799999,100,73,Germany,1,1,.29300001,27.459999,1,43.799999,.085849009,4.6051702,4.6051702,.040821996
Germany,2016,6.8740001,10.857,.90600002,70.300003,.87099999,.142,.44600001,.70899999,.18700001,DEU,107.4,106.2,106.7,101.1,.294,81,27.714001,24.229965,44.200001,105,73.675003,Germany,1,1,.294,27.714001,1,44.200001,.086436003,4.6765604,4.6700211,.064850941
Germany,2017,7.0739999,10.879,.89200002,70.5,.84100002,.139,.414,.70700002,.19599999,DEU,114,111.2,111.4,102.5,.289,81.099998,27.695999,24.130062,43.799999,108.2,74.25,Germany,1,1,.289,27.695999,1,43.799999,.083521001,4.7361984,4.7131271,.043106213
Germany,2018,7.118,10.886,.92000002,70.699997,.87699997,.028000001,.49599999,.74000001,.243,DEU,121.6,116.8,116.8,104.1,.289,81,27.826,24.042629,44.099998,111.2,74.900002,Germany,1,1,.289,27.826,1,44.099998,.083521001,4.8007369,4.7604632,.047335755
Germany,2019,7.0349998,10.894,.88599998,70.900002,.88499999,.050999999,.46200001,.71200001,.226,DEU,128.60001,121.9,121.8,105.6,.296,81.300003,28.18,24.001806,43.799999,115.1,75.650002,Germany,1,1,.296,28.18,1,43.799999,.087616004,4.8567071,4.8023806,.041917283
Greece,2012,5.0960002,10.251,.81199998,70.160004,.373,-.31,.95899999,.54400003,.352,GRC,127.7,105,121,121.6,.338,80.699997,27.955999,24.114151,73.099998,122.6,50.424999,Greece,1,1,.338,27.955999,1,73.099998,.114244,4.8496838,4.7957907,
Greece,2013,4.7199998,10.233,.68699998,70.239998,.426,-.27700001,.94099998,.57099998,.48199999,GRC,113.8,100.4,109.7,113.3,.342,81.400002,26.143,23.168129,72.800003,116.1,48.474998,Greece,1,1,.34200001,26.143,1,72.800003,.116964,4.7344427,4.6977491,-.098041207
Greece,2014,4.756,10.245,.83200002,70.32,.36899999,-.29300001,.93000001,.597,.38499999,GRC,105.3,100.7,104,104.6,.339,81.5,26.121,22.128584,72.099998,106.3,49.224998,Greece,1,1,.33899999,26.121,1,72.099998,.11492099,4.6568136,4.6443911,-.053358439
Greece,2015,5.6230001,10.249,.83499998,70.400002,.53200001,-.27700001,.824,.63700002,.27700001,GRC,100,100,100,100,.34,81.099998,26.228001,21.570114,72.900002,100,50.700001,Greece,1,1,.34,26.228001,1,72.900002,.1156,4.6051702,4.6051702,-.039220713
Greece,2016,5.303,10.248,.80299997,70.525002,.48199999,-.26499999,.898,.59399998,.336,GRC,97.599998,100.2,98.5,97.400002,.333,81.5,26.572001,21.744669,72.400002,98.300003,51.775002,Greece,1,1,.333,26.572001,1,72.400002,.110889,4.5808773,4.5900564,-.015113638
Greece,2017,5.1479998,10.261,.75300002,70.650002,.43799999,-.29499999,.87199998,.51599997,.333,GRC,96.599998,101.5,97.199997,95.199997,.319,81.400002,25.698,20.698591,72,97,53.224998,Greece,1,1,.31900001,25.698,1,72,.10176101,4.5705786,4.5767708,-.013285868
Greece,2018,5.4089999,10.28,.79400003,70.775002,.56400001,-.34,.86000001,.56400001,.255,GRC,98.400002,106.7,98.900002,92.199997,.306,81.900002,25.528999,19.649744,72.300003,97.199997,54.525002,Greece,1,1,.30599999,25.528999,1,72.300003,.093635999,4.5890408,4.5941091,.017338574
Greece,2019,5.9520001,10.3,.89099997,70.900002,.61400002,-.29300001,.84799999,.56,.236,GRC,105.5,114.5,105.9,92.199997,.312,81.699997,25.577999,19.157375,73.199997,98.099998,56.125,Greece,1,1,.31200001,25.577999,1,73.199997,.097344004,4.658711,4.6624951,.068386011
Hungary,2012,4.6830001,10.119,.90600002,66.120003,.56900001,-.142,.93000001,.58200002,.315,HUN,87.099998,91,89.800003,95.800003,.279,75.300003,22.478001,22.5972,89.199997,98.800003,58.625,Hungary,1,1,.27900001,22.478001,1,89.199997,.077841006,4.4670568,4.4975848,
Hungary,2013,4.914,10.14,.87699997,66.279999,.67400002,-.119,.912,.64700001,.30700001,HUN,84.900002,86.900002,86.300003,97.699997,.286,75.800003,22.169001,21.470558,88.5,92.599998,60.125,Hungary,1,1,.28600001,22.169001,1,88.5,.081796005,4.441474,4.4578295,-.039755374
Hungary,2014,5.1810002,10.184,.84500003,66.440002,.49399999,-.156,.85500002,.57800001,.23800001,HUN,88.400002,90.300003,88.900002,98,.281,76,21.322001,19.997786,87.300003,92.400002,63.650002,Hungary,1,1,.28099999,21.322001,1,87.300003,.078960992,4.4818721,4.4875121,.029682526
Hungary,2015,5.3439999,10.223,.85900003,66.599998,.55800003,-.204,.90799999,.64999998,.245,HUN,100,100,100,100,.284,75.699997,20.349001,20.172186,83.5,100,65.849998,Hungary,1,1,.28400001,20.349001,1,83.5,.080656007,4.6051702,4.6051702,.11765803
Hungary,2016,5.4489999,10.248,.89999998,66.75,.55400002,-.193,.92400002,.58999997,.243,HUN,113.4,107.8,112.3,105.2,.28,76.199997,20.17,20.213242,86,107,68.525002,Hungary,1,1,.28,20.17,1,86,.078400001,4.7309213,4.7211738,.1160037
Hungary,2017,6.0650001,10.292,.87699997,66.900002,.66100001,-.145,.88599998,.64399999,.18099999,HUN,127.2,117.4,122,108.4,.289,76,19.434,20.087372,84.699997,109.3,70.175003,Hungary,1,1,.289,19.434,1,84.699997,.083521001,4.8457608,4.8040209,.082847156
Hungary,2018,5.9359999,10.346,.94099998,67.050003,.69300002,-.249,.91100001,.59500003,.20100001,HUN,145.5,127.7,134.8,113.9,.28,76.199997,18.615999,20.245195,84.800003,111.5,71.400002,Hungary,1,1,.28,18.615999,1,84.800003,.078400001,4.980176,4.9037924,.099771179
Hungary,2019,6,10.393,.94700003,67.199997,.79799998,-.20100001,.884,.653,.18000001,HUN,170.2,136.60001,151,124.6,.286,76.5,17.636,20.64793,90.800003,117.1,72.224998,Hungary,1,1,.28600001,17.636,1,90.800003,.081796005,5.1369743,5.0172796,.11348762
Iceland,2012,7.5910001,10.788,.97899997,71.599998,.90499997,.235,.759,.81699997,.15700001,ISL,80.599998,95.699997,86.300003,84.199997,.252,83,23.521,24.637342,71.900002,93.400002,79.675003,Iceland,1,1,.252,23.521,1,71.900002,.063504003,4.3894987,4.4578295,
Iceland,2013,7.5009999,10.823,.96700001,71.699997,.92299998,.29899999,.713,.80199999,.156,ISL,85.199997,94.199997,88,90.400002,.24,82.099998,23.207001,24.534819,72.800003,94.199997,81.099998,Iceland,1,1,.23999999,23.207001,1,72.800003,.057599999,4.4450016,4.4773369,.019507181
Iceland,2015,7.4980001,10.862,.98000002,71.900002,.94,.294,.639,.79400003,.18000001,ISL,100,100,100,100,.257,82.5,22.774,24.023449,72.800003,,84.724998,Iceland,1,1,.257,22.774,1,72.800003,.066049002,4.6051702,4.6051702,.12783337
Iceland,2016,7.5100002,10.909,.98500001,71.925003,.95200002,.27399999,.71899998,.80800003,.15800001,ISL,109.8,105.2,108.7,104.3,.264,82.199997,22.785,22.980925,73.400002,,86.525002,Iceland,1,1,.264,22.785,1,73.400002,.069696002,4.6986604,4.688592,.08342158
Iceland,2017,7.4759998,10.927,.96700001,71.949997,.93900001,.23999999,.727,.82300001,.148,ISL,131.2,121.1,131.10001,108.3,.25,82.599998,24.122,22.925465,,,86.099998,Iceland,1,1,.25,24.122,0,0,.0625,4.8767228,4.8759604,.18736868
Iceland,2019,7.533,10.943,.98199999,72,.95899999,,.699,.787,.178,ISL,148.3,123.2,137.8,120.4,,83.199997,25.57,23.42485,,,84.099998,Iceland,0,1,0,25.57,0,0,0,4.9992371,4.9258032,.049842943
Ireland,2012,6.9650002,10.89,.96200001,70.339996,.90200001,.29499999,.57300001,.72100002,.237,IRL,76,75.400002,79,100.8,.31,80.900002,23.048,22.990093,69.5,79.300003,59.900002,Ireland,1,1,.31,23.048,1,69.5,.096100003,4.3307333,4.3694477,
Ireland,2013,6.7600002,10.896,.95499998,70.459999,.884,.32499999,.55800003,.74400002,.245,IRL,77,77,78.800003,100,.312,81,21.812,23.179098,70.400002,81.199997,61.75,Ireland,1,1,.31200001,21.812,1,70.400002,.097344004,4.3438053,4.3669128,-.002534817
Ireland,2014,7.0180001,10.971,.96799999,70.580002,.92199999,.257,.40599999,.736,.229,IRL,89.699997,90.400002,90.599998,99.300003,.298,81.400002,20.091999,23.276594,69.400002,93.800003,63.125,Ireland,1,1,.29800001,20.091999,1,69.400002,.088804007,4.4964709,4.506454,.13954116
Ireland,2015,6.8299999,11.18,.95300001,70.699997,.89200002,.226,.40900001,.74800003,.22499999,IRL,100,100,100,100,.298,81.5,15.196,24.090488,70.900002,100,64.699997,Ireland,1,1,.29800001,15.196,1,70.900002,.088804007,4.6051702,4.6051702,.098715991
Ireland,2016,7.0409999,11.189,.958,70.800003,.875,.169,.39899999,.74400002,.211,IRL,107.5,104.7,106.6,102.7,.309,81.699997,15.13,23.856428,72.699997,103.7,66.425003,Ireland,1,1,.30899999,15.13,1,72.699997,.095480993,4.6774907,4.6690836,.063913308
Ireland,2017,7.0599999,11.264,.94300002,70.900002,.90499997,.20999999,.33700001,.77100003,.213,IRL,119.2,111.8,116.9,106.6,.295,82.199997,14.181,24.695566,71.599998,109.3,67.574997,Ireland,1,1,.29499999,14.181,1,71.599998,.087024994,4.7808027,4.7613187,.092235386
Ireland,2018,6.9619999,11.334,.93800002,71,.861,.138,.36199999,.75400001,.213,IRL,131.39999,118.1,127,111.3,.292,82.199997,13.519,25.63793,71.5,117.3,68.474998,Ireland,1,1,.292,13.519,1,71.5,.085263997,4.8782458,4.8441873,.082868204
Ireland,2019,7.2550001,11.373,.94400001,71.099998,.89200002,.067000002,.373,.75800002,.223,IRL,134.39999,115.5,127.8,116.4,.293,82.800003,12.868,25.763174,70.099998,113.8,69.449997,Ireland,1,1,.29300001,12.868,1,70.099998,.085849009,4.9008203,4.8504667,.0062794792
Israel,2012,7.1110001,10.487,.903,71.559998,.68099999,.147,.86199999,.611,.31900001,ISR,81.400002,86.199997,83,94.5,.371,81.800003,15.409,23.693052,,91.199997,66.5,Israel,1,1,.37099999,15.409,0,0,.137641,4.3993754,4.4188404,
Israel,2013,7.3210001,10.512,.90899998,71.639999,.73900002,.145,.84899998,.64899999,.40900001,ISR,88.800003,92,88.699997,96.599998,.36,82.099998,15.456,23.767206,,94.5,67.058327,Israel,1,1,.36000001,15.456,0,0,.1296,4.4863868,4.48526,.066419244
Israel,2014,7.401,10.531,.889,71.720001,.70700002,.088,.81800002,.56699997,.271,ISR,94.5,96,93.900002,98.400002,.365,82.199997,15.451,24.14682,,96.900002,67.866669,Israel,1,1,.36500001,15.451,0,0,.13322501,4.5485997,4.5422306,.056970548
Israel,2015,7.079,10.536,.86400002,71.800003,.75300002,.103,.78899997,.65200001,.25600001,ISR,100,100,100,100,.36,82.199997,15.475,24.495844,,100,68.316673,Israel,1,1,.36000001,15.475,0,0,.1296,4.6051702,4.6051702,.062939785
Israel,2016,7.1589999,10.56,.88999999,71.949997,.77200001,.147,.80400002,.602,.26300001,ISR,107.5,106.1,108.3,101.3,.346,82.5,15.495,24.287422,,104.6,68.574997,Israel,1,1,.34599999,15.495,0,0,.11971599,4.6774907,4.6849051,.079734996
Israel,2017,7.3309999,10.583,.91600001,72.099998,.76800001,.138,.79299998,.62099999,.27599999,ISR,111.6,108.6,112.4,102.9,.344,82.699997,16.131001,24.53068,,,69.025002,Israel,1,1,.34400001,16.131001,0,0,.11833601,4.714921,4.722064,.037158769
Israel,2018,6.927,10.603,.91000003,72.25,.72500002,.048,.76999998,.61199999,.28200001,ISR,110.7,106.1,110.7,104.4,.348,82.900002,16.141001,24.711958,,,69.033333,Israel,1,1,.34799999,16.141001,0,0,.12110399,4.7068238,4.7068238,-.015240139
Israel,2019,7.3319998,10.625,.94599998,72.400002,.83399999,.078000002,.74299997,.59799999,.266,ISR,112.8,106.5,112,105.9,.342,82.900002,16.346001,24.937626,,,68.941673,Israel,1,1,.34200001,16.346001,0,0,.116964,4.7256165,4.7184987,.011675059
Italy,2012,5.8390002,10.633,.86900002,71.300003,.56999999,.107,.90799999,.65100002,.38800001,ITA,116.7,118,118.4,98.900002,.33,82.400002,28.482,23.086292,73.300003,119.4,56.075001,Italy,1,1,.33000001,28.482,1,73.300003,.10890001,4.7596064,4.7740688,
Italy,2013,6.0089998,10.603,.91600001,71.400002,.49900001,-.108,.94300002,.70200002,.35699999,ITA,109.1,108.9,109.5,100.2,.325,82.900002,29.006001,23.705685,72,111.6,54.950001,Italy,1,1,.32499999,29.006001,1,72,.10562499,4.692265,4.6959248,-.078144185
Italy,2014,6.027,10.594,.898,71.5,.62400001,-.071000002,.92000002,.65899998,.35600001,ITA,104,104.1,104.1,99.900002,.326,83.199997,29.195999,23.354218,71.800003,105.5,55.275002,Italy,1,1,.32600001,29.195999,1,71.800003,.10627601,4.6443911,4.6453519,-.050572589
Italy,2015,5.848,10.603,.90899998,71.599998,.57499999,-.07,.91299999,.64600003,.329,ITA,100,100,100,100,.333,82.699997,29.357,23.221367,72.099998,100,56.025002,Italy,1,1,.333,29.357,1,72.099998,.110889,4.6051702,4.6051702,-.040181775
Italy,2016,5.9549999,10.617,.92699999,71.675003,.62400001,-.086000003,.903,.63200003,.33899999,ITA,100.3,99.900002,99.699997,100.3,.327,83.400002,28.908001,22.901302,71.199997,98.699997,57.049999,Italy,1,1,.32699999,28.908001,1,71.199997,.106929,4.6081657,4.6021657,-.0030045395
Italy,2017,6.1989999,10.635,.92000002,71.75,.63300002,-.041000001,.86699998,.61299998,.32300001,ITA,99.199997,98.699997,97.300003,100.5,.334,83.099998,28.621,22.60346,71.5,95.400002,57.875,Italy,1,1,.33399999,28.621,1,71.5,.11155599,4.5971379,4.5777988,-.024366627
Italy,2018,6.5170002,10.647,.91299999,71.824997,.64999998,-.027000001,.88800001,.59799999,.403,ITA,98.599998,97.800003,95.5,100.9,.33,83.400002,28.471001,22.49172,71.300003,93.300003,58.5,Italy,1,1,.33000001,28.471001,1,71.300003,.10890001,4.5910711,4.5591264,-.018672774
Italy,2019,6.4450002,10.663,.838,71.900002,.70899999,-.088,.866,.56900001,.32800001,ITA,98.5,97.400002,94.599998,101.2,.325,83.599998,28.700001,22.463226,71.599998,92.300003,59.049999,Italy,1,1,.32499999,28.700001,1,71.599998,.10562499,4.5900564,4.5496573,-.0094687873
Japan,2012,5.9679999,10.565,.90499997,73.239998,.75300002,,.69199997,.708,.171,JPN,94.599998,93.5,96.900002,101.1,,83.199997,22.384001,26.682379,,96.400002,70.618584,Japan,0,1,0,22.384001,0,0,0,4.5496573,4.5736794,
Japan,2013,5.9590001,10.586,.92400002,73.360001,.82099998,-.154,.64999998,.71899998,.175,JPN,96.099998,95.5,98.699997,100.7,,83.400002,22.370001,26.178228,,97.699997,71.758499,Japan,0,1,0,22.370001,0,0,0,4.5653892,4.5920849,.018405382
Japan,2014,5.9229999,10.59,.89999998,73.480003,.838,-.146,.61699998,.68699998,.189,JPN,97.599998,97.400002,98.199997,100.3,,83.699997,22.104,25.921696,,99.099998,72.760696,Japan,0,1,0,22.104,0,0,0,4.5808773,4.5870061,-.0050787311
Japan,2015,5.8800001,10.607,.92299998,73.599998,.83200002,-.162,.65399998,.70200002,.176,JPN,100,100,100,100,,83.900002,22.389999,25.324617,,100,73.397102,Japan,0,1,0,22.389999,0,0,0,4.6051702,4.6051702,.018164001
Japan,2016,5.9549999,10.615,.89999998,73.724998,.83600003,-.068999998,.69800001,.69,.192,JPN,102.2,102.5,102.6,99.699997,,84.099998,22.365999,25.102879,,101,74.522774,Japan,0,1,0,22.365999,0,0,0,4.6269317,4.6308379,.025667733
Japan,2017,5.9109998,10.632,.88200003,73.849998,.84899998,-.213,.65899998,.69199997,.176,JPN,104.8,105.4,104.8,99.400002,,84.199997,22.43,24.944876,,102.4,75.500687,Japan,0,1,0,22.43,0,0,0,4.6520538,4.6520538,.021215884
Japan,2018,5.7940001,10.64,.88599998,73.974998,.773,-.26800001,.68699998,.64899999,.185,JPN,106.8,107.6,106.1,99.300003,.334,84.300003,22.534,24.727076,,103.1,77.1633,Japan,1,1,.33399999,22.534,0,0,.11155599,4.670958,4.664382,.01232823
Japan,2019,5.908,10.637,.87800002,74.099998,.80599999,-.26100001,.61699998,.69300002,.19400001,JPN,108.6,109.3,107.3,99.300003,,84.400002,23.107,24.649378,,102.9,78.114212,Japan,0,1,0,23.107,0,0,0,4.6876712,4.6756287,.011246647
Latvia,2012,5.125,10.085,.85100001,64.900002,.56400001,-.044,.89499998,.588,.23199999,LVA,91.400002,102.1,92.400002,89.5,.346,74.099998,15.322,22.761055,79.900002,106.8,62.775002,Latvia,1,1,.34599999,15.322,1,79.900002,.11971599,4.5152454,4.5261269,
Latvia,2013,5.0700002,10.115,.83399999,65.199997,.63099998,-.079000004,.83700001,.60500002,.227,LVA,97.599998,103.2,98.5,94.599998,.351,74.300003,15.54,21.523216,79.900002,109.8,64.849998,Latvia,1,1,.35100001,15.54,1,79.900002,.12320101,4.5808773,4.5900564,.06392955
Latvia,2014,5.7290001,10.143,.88099998,65.5,.671,-.048999999,.80400002,.60500002,.226,LVA,103.5,104.2,103.6,99.300003,.349,74.5,15.377,22.091421,79.800003,110.2,66.125,Latvia,1,1,.34900001,15.377,1,79.800003,.121801,4.6395717,4.6405373,.050480768
Latvia,2015,5.881,10.19,.87900001,65.800003,.65600002,-.083999999,.80800003,.55900002,.228,LVA,100,100,100,100,.346,74.800003,15.712,21.276258,78.400002,100,68.050003,Latvia,1,1,.34599999,15.712,1,78.400002,.11971599,4.6051702,4.6051702,-.035367128
Latvia,2016,5.9400001,10.222,.917,65.900002,.685,-.163,.86799997,.583,.23100001,LVA,108.5,110,107.7,98.599998,.346,74.900002,15.973,21.211597,79.5,102.1,68.574997,Latvia,1,1,.34599999,15.973,1,79.5,.11971599,4.6867499,4.6793494,.074179366
Latvia,2017,5.9780002,10.264,.89499998,66,.69999999,-.161,.79799998,.565,.23199999,LVA,118,120.1,113.9,98.300003,.355,74.900002,15.812,20.846832,79.300003,103.1,69.974998,Latvia,1,1,.35499999,15.812,1,79.300003,.12602499,4.7706847,4.735321,.055971328
Latvia,2018,5.901,10.311,.91299999,66.099998,.60799998,-.21799999,.79900002,.52100003,.192,LVA,129.3,126.3,121.6,102.4,.351,75.099998,16.142,20.801981,79.800003,104.4,71.724998,Latvia,1,1,.35100001,16.142,1,79.800003,.12320101,4.8621354,4.8007369,.065416075
Latvia,2019,5.9699998,10.343,.93599999,66.199997,.69800001,-.2,.78899997,.537,.212,LVA,140.89999,131.5,128.2,107.1,.344,75.699997,16.523001,21.103004,78,107.6,72.224998,Latvia,1,1,.34400001,16.523001,1,78,.11833601,4.9480505,4.8535914,.052854564
Lithuania,2012,5.7709999,10.216,.91900003,64.699997,.50300002,-.27900001,.95700002,.55699998,.27700001,LTU,89.599998,125.6,89.5,71.199997,.35,74.099998,16.475,16.691998,91.800003,100.2,62.025002,Lithuania,1,1,.34999999,16.475,1,91.800003,.12249999,4.4953551,4.4942389,
Lithuania,2013,5.5960002,10.261,.91299999,64.900002,.55599999,-.242,.93599999,.54000002,.294,LTU,90.599998,119.4,89.699997,75.800003,.351,74.099998,15.457,16.598103,91.199997,96.099998,63.724998,Lithuania,1,1,.35100001,15.457,1,91.199997,.12320101,4.506454,4.4964709,.0022321097
Lithuania,2014,6.1259999,10.304,.90799999,65.099998,.50800002,-.26899999,.95599997,.565,.287,LTU,96.5,113.7,95.5,84.699997,.38,74.699997,15.621,16.515539,89.900002,100.3,65.650002,Lithuania,1,1,.38,15.621,1,89.900002,.1444,4.5695429,4.5591264,.062655516
Lithuania,2015,5.711,10.334,.92900002,65.300003,.64099997,-.259,.92400002,.53399998,.27599999,LTU,100,100,100,100,.372,74.599998,16.030001,15.655725,89.699997,100,67.25,Lithuania,1,1,.37200001,16.030001,1,89.699997,.138384,4.6051702,4.6051702,.04604394
Lithuania,2016,5.8660002,10.371,.93800002,65.650002,.61400002,-.27200001,.949,.55299997,.25,LTU,105.4,95.199997,104.2,110.4,.378,74.900002,15.829,15.626058,89.900002,96.800003,69.375,Lithuania,1,1,.37799999,15.829,1,89.900002,.14288399,4.6577625,4.6463122,.041141912
Lithuania,2017,6.2729998,10.427,.926,66,.74900001,-.17900001,.79000002,.58999997,.19499999,LTU,114.8,103.3,109.4,110.8,.374,75.800003,15.571,15.016154,89,99.699997,70.375,Lithuania,1,1,.37400001,15.571,1,89,.13987601,4.7431917,4.6950111,.048698805
Lithuania,2018,6.309,10.476,.92900002,66.349998,.699,-.243,.852,.51800001,.214,LTU,123.2,104.8,114.4,117.2,.361,76,16.645,15.042253,89.199997,99.699997,72.400002,Lithuania,1,1,.361,16.645,1,89.199997,.130321,4.8138089,4.7397013,.044690188
Lithuania,2019,6.0640001,10.524,.91799998,66.699997,.77999997,-.25799999,.78299999,.56800002,.27599999,LTU,131.60001,104,119.7,126.2,.357,76.5,17.275,14.881729,90.300003,96.5,72.974998,Lithuania,1,1,.35699999,17.275,1,90.300003,.12744899,4.8797669,4.7849884,.045287494
Luxembourg,2012,6.9640002,11.627,.91399997,70.900002,.917,.048,.403,.72600001,.227,LUX,86.599998,90.099998,89.300003,96.099998,,81.5,21.528999,22.355837,67.400002,90.199997,65.849998,Luxembourg,0,1,0,21.528999,1,67.400002,0,4.4612999,4.4920015,
Luxembourg,2013,7.131,11.636,.917,71.099998,.79000002,-.064999998,.301,.60100001,.185,LUX,90.900002,93.300003,92.300003,97.400002,,81.900002,21.712999,23.199581,69,91.5,65.724998,Luxembourg,0,1,0,21.712999,1,69,0,4.5097599,4.525044,.033042651
Luxembourg,2014,6.8909998,11.638,.875,71.300003,.93800002,.097000003,.366,.75999999,.17,LUX,94.900002,96.5,95.699997,98.400002,,82.300003,21.601999,23.519941,69,94.599998,66.625,Luxembourg,0,1,0,21.601999,1,69,0,4.5528235,4.5612183,.036174092
Luxembourg,2015,6.7020001,11.637,.93400002,71.5,.93199998,.044,.375,.72799999,.193,LUX,100,100,100,100,.306,82.400002,21.351,23.777891,70,100,66.150002,Luxembourg,1,1,.30599999,21.351,1,70,.093635999,4.6051702,4.6051702,.043951921
Luxembourg,2016,6.967,11.664,.94099998,71.525002,.88200003,.011,.35600001,.70599997,.192,LUX,106,105.1,105.2,100.9,.305,82.699997,21.066,23.546751,70.300003,106,65.574997,Luxembourg,1,1,.30500001,21.066,1,70.300003,.093025006,4.6634393,4.6558633,.050693084
Luxembourg,2017,7.0609999,11.653,.90499997,71.550003,.903,.035999998,.33000001,.72600001,.184,LUX,112,109.7,108.7,102,.327,82.099998,21.521999,23.215797,70.699997,106.9,66.275002,Luxembourg,1,1,.32699999,21.521999,1,70.699997,.106929,4.7184987,4.688592,.032728493
Luxembourg,2018,7.243,11.645,.90200001,71.574997,.884,-.028000001,.38499999,.71499997,.20200001,LUX,119.9,116,114.3,103.3,.318,82.300003,21.926001,22.689556,67.800003,111.9,67.099998,Luxembourg,1,1,.31799999,21.926001,1,67.800003,.101124,4.7866583,4.7388268,.050234832
Luxembourg,2019,7.4039998,11.649,.912,71.599998,.93000001,-.050999999,.38999999,.74199998,.212,LUX,132,126,124.2,104.7,.305,82.699997,22.507999,22.218657,66.800003,119,67.949997,Luxembourg,1,1,.30500001,22.507999,1,66.800003,.093025006,4.882802,4.8218932,.083066545
Mexico,2012,7.3200002,9.8439999,.76700002,65.379997,.78799999,-.098999999,.63300002,.722,.278,MEX,84.400002,89.800003,91.400002,94,.457,74.900002,7.2280002,17.388086,68.5,,60.908909,Mexico,1,1,.45699999,7.2280002,1,68.5,.20884898,4.4355674,4.5152454,
Mexico,2013,7.4429998,9.8439999,.759,65.519997,.73900002,-.171,.61500001,.75,.223,MEX,88.699997,92.400002,93.900002,96,,75.199997,7.5650001,16.996328,,,60.842201,Mexico,0,1,0,7.5650001,0,0,0,4.48526,4.5422306,.026984908
Mexico,2014,6.6799998,9.8599997,.78200001,65.660004,.77899998,-.101,.63,.75999999,.229,MEX,92.5,94.400002,93.199997,98,.459,75.099998,7.552,17.048761,71.699997,,60.408051,Mexico,1,1,.45899999,7.552,1,71.699997,.21068099,4.5272088,4.5347476,-.0074827136
Mexico,2015,6.2360001,9.8800001,.76099998,65.800003,.71899998,-.15800001,.708,.70599997,.237,MEX,100,100,100,100,,75.099998,7.658,16.004519,,,60.745152,Mexico,0,1,0,7.658,0,0,0,4.6051702,4.6051702,.0704225
Mexico,2016,6.8239999,9.8950005,.89300001,65.800003,.75199997,-.16,.80900002,.80199999,.22,MEX,107.3,105,101.6,102.2,.459,74.800003,7.487,16.27149,68.900002,,61.047169,Mexico,1,1,.45899999,7.487,1,68.900002,.21068099,4.6756287,4.6210437,.015873333
Mexico,2017,6.4099998,9.9049997,.80000001,65.800003,.861,-.208,.801,.77499998,.23100001,MEX,115.7,110.5,103.7,104.7,,74.800003,7.4070001,16.892448,,,61.194061,Mexico,0,1,0,7.4070001,0,0,0,4.7510004,4.6415019,.020458566
Mexico,2018,6.5500002,9.9169998,.85799998,65.800003,.81599998,-.186,.80900002,.815,.213,MEX,126,117.3,108.1,107.4,.418,74.900002,7.105,16.884218,68.300003,,61.59449,Mexico,1,1,.41800001,7.105,1,68.300003,.17472401,4.8362818,4.6830568,.041554626
Mexico,2019,6.4320002,9.9069996,.852,65.800003,.903,-.148,.80900002,.80299997,.252,MEX,136.7,123.9,114.5,110.4,,74.800003,7.355,16.525597,,,62.263489,Mexico,0,1,0,7.355,0,0,0,4.9177885,4.7405748,.057518113
Netherlands,2012,7.4710002,10.856,.93900001,70.980003,.87699997,.28200001,.43399999,.75300002,.226,NLD,101.9,114.1,104.9,89.300003,.293,81.199997,23.877001,23.436363,56.599998,106.6,75.900002,Netherlands,1,1,.29300001,23.877001,1,56.599998,.085849009,4.623992,4.6530075,
Netherlands,2013,7.4070001,10.852,.92500001,71.019997,.91900003,.29899999,.505,.76499999,.235,NLD,95.800003,103.4,96.699997,92.699997,.287,81.400002,24.07,24.196527,56.400002,99.400002,75.099998,Netherlands,1,1,.287,24.07,1,56.400002,.082369,4.5622625,4.5716133,-.081394158
Netherlands,2014,7.3210001,10.863,.90899998,71.059998,.91000003,.32600001,.45699999,.77600002,.221,NLD,96.599998,99.800003,96.699997,96.800003,.305,81.800003,23.85,24.247944,56.5,98,74.650002,Netherlands,1,1,.30500001,23.85,1,56.5,.093025006,4.5705786,4.5716133,0
Netherlands,2015,7.3239999,10.878,.87900001,71.099998,.90399998,.25600001,.412,.74199998,.20200001,NLD,100,100,100,100,.305,81.599998,23.955,24.449423,56.5,100,75.650002,Netherlands,1,1,.30500001,23.955,1,56.5,.093025006,4.6051702,4.6051702,.033556815
Netherlands,2016,7.5409999,10.894,.926,71.175003,.90700001,.233,.433,.73699999,.215,NLD,105.3,103.1,104.6,102.1,.292,81.699997,23.813999,24.359343,58.200001,102.9,76.375,Netherlands,1,1,.292,23.813999,1,58.200001,.085263997,4.6568136,4.6501436,.044973351
Netherlands,2017,7.4590001,10.917,.93699998,71.25,.92000002,.245,.36300001,.72899997,.185,NLD,113.8,109.5,110.8,103.9,.298,81.800003,23.25,24.027481,58.200001,109.3,77.375,Netherlands,1,1,.29800001,23.25,1,58.200001,.088804007,4.7344427,4.707727,.057583265
Netherlands,2018,7.4629998,10.934,.93900001,71.324997,.92000002,.156,.37099999,.74800003,.205,NLD,124.4,117.4,118.7,106,.295,81.900002,22.875999,24.073793,57.700001,114.5,78.699997,Netherlands,1,1,.29499999,22.875999,1,57.700001,.087024994,4.8235021,4.7765994,.068872474
Netherlands,2019,7.4250002,10.947,.94099998,71.400002,.88599998,.207,.36000001,.72799999,.23100001,NLD,133.39999,122.9,124.4,108.6,.312,82.199997,22.884001,24.266043,58.099998,117.7,79.699997,Netherlands,1,1,.31200001,22.884001,1,58.099998,.097344004,4.893352,4.8235021,.046902917
New Zealand,2012,7.25,10.565,.93000001,69.839996,.90200001,.28,.289,.78600001,.207,NZL,76.699997,81.900002,78.599998,93.699997,.335,81.199997,22.790001,25.558235,,81.5,71.857773,New Zealand,1,1,.33500001,22.790001,0,0,.112225,4.3399014,4.3643718,
New Zealand,2013,7.2800002,10.585,.958,69.860001,.94400001,.23,.31200001,.778,.15099999,NZL,83.5,87.300003,84.900002,95.699997,.341,81.400002,21.26,25.533373,,86.699997,72.72184,New Zealand,1,1,.34099999,21.26,0,0,.116281,4.4248466,4.441474,.07710243
New Zealand,2014,7.3060002,10.605,.94199997,69.879997,.93199998,.34099999,.273,.80699998,.199,NZL,89,91,89.699997,97.699997,.341,81.400002,21.129,25.48674,,92.599998,74.173126,New Zealand,1,1,.34099999,21.129,0,0,.116281,4.4886365,4.4964709,.054996625
New Zealand,2015,7.4180002,10.622,.98699999,69.900002,.94199997,.322,.186,.79500002,.16,NZL,100,100,100,100,.325,81.5,20.040001,25.140055,,100,74.249672,New Zealand,1,1,.32499999,20.040001,0,0,.10562499,4.6051702,4.6051702,.10869945
New Zealand,2016,7.2259998,10.637,.93699998,69.974998,.92699999,.259,.278,.77700001,.207,NZL,114.2,111.7,113.4,102.2,.333,81.599998,19.65,24.784075,,108.8,75.577507,New Zealand,1,1,.333,19.65,0,0,.110889,4.7379513,4.7309213,.12575121
New Zealand,2017,7.3270001,10.65,.95499998,70.050003,.94199997,.287,.222,.76300001,.17200001,NZL,121.6,116.4,118.9,104.5,.335,81.699997,18.652,24.820717,,111.6,76.916023,New Zealand,1,1,.33500001,18.652,0,0,.112225,4.8007369,4.7782826,.047361411
New Zealand,2018,7.3699999,10.667,.954,70.125,.949,.113,.207,.78500003,.168,NZL,126,117.8,121.6,106.9,.33,81.699997,19.455,24.903677,,110.3,77.495483,New Zealand,1,1,.33000001,19.455,0,0,.10890001,4.8362818,4.8007369,.022454141
New Zealand,2019,7.2049999,10.675,.93900001,70.199997,.912,.15000001,.234,.76499999,.191,NZL,129.89999,118.3,123.5,109.8,.326,82.099998,23.642,25.354048,63.900002,108.4,77.461327,New Zealand,1,1,.32600001,23.642,1,63.900002,.10627601,4.866765,4.8162413,.015504199
Norway,2012,7.678,11.041,.94800001,70.599998,.94700003,.139,.368,.79799998,.213,NOR,88.199997,96,94.199997,91.900002,.253,81.5,22.643999,21.167889,77.400002,102.1,75.75,Norway,1,1,.25299999,22.643999,1,77.400002,.064008996,4.4796071,4.5454202,
Norway,2014,7.4439998,11.048,.94099998,71,.95599997,.17299999,.405,.80199999,.19400001,NOR,94.300003,96.900002,96.400002,97.300003,.257,82.199997,24.059999,21.855932,76.400002,100.5,75.224998,Norway,1,1,.257,24.059999,1,76.400002,.066049002,4.5464811,4.5685062,.023086069
Norway,2015,7.6030002,11.057,.94700003,71.199997,.94800001,.249,.29899999,.796,.20900001,NOR,100,100,100,100,.272,82.400002,25.952,22.375015,74.199997,100,74.800003,Norway,1,1,.27200001,25.952,1,74.199997,.073984005,4.6051702,4.6051702,.036663968
Norway,2016,7.5960002,11.06,.95999998,71.25,.954,.125,.41,.80900002,.20900001,NOR,107,105,103.8,101.9,.262,82.5,27.25,22.459597,74.400002,106.4,74.300003,Norway,1,1,.26199999,27.25,1,74.400002,.068643995,4.6728287,4.6424661,.037295815
Norway,2017,7.579,11.076,.94999999,71.300003,.95300001,.228,.25,.80000001,.20299999,NOR,112.4,107.9,106.9,104.1,.262,82.699997,26.406,22.408859,72.5,108.3,74,Norway,1,1,.26199999,26.406,1,72.5,.068643995,4.722064,4.6718936,.029427832
Norway,2018,7.4439998,11.077,.96600002,71.349998,.95999998,.086000003,.26800001,.78600001,.212,NOR,114,107.6,105.9,105.9,.262,82.800003,25.431,22.84552,72.699997,107,74.800003,Norway,1,1,.26199999,25.431,1,72.699997,.068643995,4.7361984,4.6624951,-.0093985656
Norway,2019,7.4419999,11.082,.94199997,71.400002,.954,.103,.271,.78200001,.19499999,NOR,116.8,108.3,106.1,107.8,.261,83,26.535,22.956568,72.400002,105.8,75.300003,Norway,1,1,.26100001,26.535,1,72.400002,.068121001,4.7604632,4.664382,.0018867642
Poland,2012,5.8759999,10.137,.93599999,67.459999,.81099999,-.032000002,.88800001,.71100003,.26699999,POL,101.9,105.9,101.6,96.199997,.298,76.900002,19.856001,20.520836,80.199997,111.3,58,Poland,1,1,.29800001,19.856001,1,80.199997,.088804007,4.623992,4.6210437,
Poland,2013,5.7459998,10.146,.912,67.639999,.77600002,-.142,.91600001,.67500001,.242,POL,97.400002,99.800003,96.699997,97.599998,.299,77.099998,20.629999,20.061728,81.300003,105.2,58.424999,Poland,1,1,.29899999,20.629999,1,81.300003,.089400999,4.5788264,4.5716133,-.049430151
Poland,2014,5.75,10.184,.92400002,67.82,.875,-.068999998,.898,.68099999,.223,POL,98.5,99.800003,98,98.699997,.297,77.800003,20.313,19.931118,81.099998,100.9,60.200001,Poland,1,1,.29699999,20.313,1,81.099998,.088208996,4.5900564,4.5849676,.013354108
Poland,2015,6.007,10.228,.89300001,68,.79299998,-.097999997,.81,.63099998,.23999999,POL,100,100,100,100,.291,77.5,20.245001,20.169247,80.900002,100,61.599998,Poland,1,1,.29100001,20.245001,1,80.900002,.084681004,4.6051702,4.6051702,.020202707
Poland,2016,6.1620002,10.258,.917,68.175003,.87099999,-.096000001,.84799999,.66600001,.22400001,POL,101.9,100.5,102.6,101.3,.285,78,21.216999,19.19463,80.599998,96.800003,63.450001,Poland,1,1,.285,21.216999,1,80.599998,.081225,4.623992,4.6308379,.025667733
Poland,2017,6.2010002,10.308,.88200003,68.349998,.83099997,-.127,.639,.56599998,.20299999,POL,105.8,101.4,104.5,104.3,.275,77.800003,20.816,18.337126,80.699997,95.300003,65.25,Poland,1,1,.27500001,20.816,1,80.699997,.075625002,4.6615505,4.6491871,.018349154
Poland,2018,6.1110001,10.365,.86299998,68.525002,.87,-.25999999,.72000003,.62199998,.176,POL,112.8,104,109.8,108.4,.281,77.699997,20.537001,17.777687,81,96.099998,66.675003,Poland,1,1,.28099999,20.537001,1,81,.078960992,4.7256165,4.6986604,.049473487
Poland,2019,6.2420001,10.409,.87800002,68.699997,.88300002,-.237,.69599998,.61299998,.168,POL,122.6,107.8,116.7,113.7,.268,78,21.212999,17.972033,81,97.800003,68.474998,Poland,1,1,.26800001,21.212999,1,81,.071824007,4.8089271,4.7596064,.060945958
Portugal,2012,4.994,10.314,.866,69.779999,.77399999,-.103,.95899999,.63099998,.37,PRT,94.900002,101.4,96.699997,93.599998,.337,80.599998,24.584999,18.459711,73.300003,98.199997,59.325001,Portugal,1,1,.33700001,24.584999,1,73.300003,.11356901,4.5528235,4.5716133,
Portugal,2013,5.158,10.31,.86699998,70.019997,.78799999,-.124,.94599998,.66500002,.34799999,PRT,93.099998,98.300003,94,94.699997,.341,80.900002,25.688,18.872261,73.099998,96.699997,58.825001,Portugal,1,1,.34099999,25.688,1,73.099998,.116281,4.5336742,4.5432949,-.02831859
Portugal,2014,5.1269999,10.324,.86199999,70.260002,.847,-.132,.94099998,.66299999,.35800001,PRT,97,98.099998,97.800003,98.900002,.338,81.300003,25.233,19.075008,73.900002,100.8,61.200001,Portugal,1,1,.338,25.233,1,73.900002,.114244,4.5747108,4.5829248,.039629824
Portugal,2015,5.0809999,10.346,.866,70.5,.80000001,-.169,.94099998,.62900001,.37099999,PRT,100,100,100,100,.336,81.300003,24.167999,18.75346,73.099998,100,62.799999,Portugal,1,1,.336,24.167999,1,73.099998,.112896,4.6051702,4.6051702,.022245578
Portugal,2016,5.447,10.369,.90499997,70.625,.838,-.23100001,.92199999,.65899998,.32600001,PRT,107.1,105.3,106,101.7,.331,81.300003,23.691999,18.322594,73.400002,103.2,64.224998,Portugal,1,1,.331,23.691999,1,73.400002,.109561,4.6737628,4.6634393,.058268908
Portugal,2017,5.711,10.406,.89999998,70.75,.90499997,-.182,.88099998,.60799998,.294,PRT,117,113.9,113.9,102.7,.32,81.599998,22.951,17.674004,72.800003,109.5,66.949997,Portugal,1,1,.31999999,22.951,1,72.800003,.1024,4.7621741,4.735321,.071881793
Portugal,2018,5.9200001,10.435,.88700002,70.875,.87699997,-.26699999,.88,.64600003,.31799999,PRT,129,123.3,123.6,104.7,.317,81.5,22.669001,17.438999,72.5,116.2,69.025002,Portugal,1,1,.317,22.669001,1,72.5,.100489,4.8598123,4.8170505,.08172965
Portugal,2019,6.0949998,10.462,.87599999,71,.88200003,-.23999999,.91500002,.67500001,.30000001,PRT,141.89999,131.39999,134.7,108,.31,81.900002,22.552999,17.348433,71.900002,122.6,69.849998,Portugal,1,1,.31,22.552999,1,71.900002,.096100003,4.9551225,4.9030499,.085999526
Slovakia,2012,5.9109998,10.188,.926,66.940002,.62,-.032000002,.90700001,.58499998,.30199999,SVK,92.900002,93.199997,93.900002,99.699997,.251,76.300003,17.481001,30.197645,90.199997,100.1,61.375,Slovakia,1,1,.25099999,17.481001,1,90.199997,.063000992,4.5315237,4.5422306,
Slovakia,2013,5.9369998,10.193,.90899998,67.160004,.59799999,-.055,.91500002,.61199999,.27700001,SVK,93.699997,93.699997,93.5,100,.27,76.599998,17.796,30.095474,90.599998,100.7,61.575001,Slovakia,1,1,.27000001,17.796,1,90.599998,.072900005,4.5400982,4.5379615,-.0042689661
Slovakia,2014,6.1389999,10.219,.92400002,67.379997,.63499999,-.13,.91399997,.61900002,.26699999,SVK,95,95,94.900002,100,.247,77,17.889999,30.740376,90.099998,99.900002,62.700001,Slovakia,1,1,.24699999,17.889999,1,90.099998,.061008997,4.5538769,4.5528235,.014862285
Slovakia,2015,6.1620002,10.268,.94300002,67.599998,.58700001,-.132,.92799997,.63200003,.26899999,SVK,100,100,100,100,.25,76.699997,17.370001,29.811743,89.099998,100,64.525002,Slovakia,1,1,.25,17.370001,1,89.099998,.0625,4.6051702,4.6051702,.052346464
Slovakia,2016,5.993,10.286,.94499999,67.824997,.69999999,-.064999998,.917,.68800002,.23199999,SVK,106.7,106.4,106.9,100.2,.241,77.300003,17.740999,29.586628,89,103.5,66.699997,Slovakia,1,1,.241,17.740999,1,89,.058080997,4.6700211,4.6718936,.066723645
Slovakia,2017,6.3660002,10.314,.91299999,68.050003,.71399999,-.059,.92000002,.70899999,.213,SVK,112.9,112.3,112.1,100.6,.22,77.300003,17.624001,28.475328,89.599998,104.6,68.074997,Slovakia,1,1,.22,17.624001,1,89.599998,.0484,4.7265024,4.7193913,.047497485
Slovakia,2018,6.2350001,10.352,.92199999,68.275002,.75800002,-.17200001,.91000003,.67000002,.25299999,SVK,121.3,120.3,118.2,100.8,.236,77.400002,17.278999,28.09317,90.300003,102.8,69.550003,Slovakia,1,1,.236,17.278999,1,90.300003,.055695999,4.7982669,4.772378,.052986763
Slovakia,2019,6.243,10.375,.93300003,68.5,.77100003,-.133,.926,.676,.252,SVK,132.39999,130.5,126,101.4,.222,77.800003,17.552,28.685749,90.300003,107.3,70.425003,Slovakia,1,1,.222,17.552,1,90.300003,.049284,4.8858275,4.8362818,.063903831
Slovenia,2012,6.0630002,10.392,.92500001,69.519997,.90399998,-.025,.89099997,.59799999,.28400001,SVN,112.1,112.3,112.6,99.800003,.249,80.300003,23.473,19.629826,74.5,114.7,63.575001,Slovenia,1,1,.249,23.473,1,74.5,.062000997,4.7193913,4.7238417,
Slovenia,2013,5.9749999,10.381,.93199998,69.68,.88999999,.029999999,.91799998,.625,.27399999,SVN,106.2,107.5,105.3,98.800003,.254,80.5,23.802,20.432394,75.300003,108.9,62.775002,Slovenia,1,1,.25400001,23.802,1,75.300003,.064516,4.6653242,4.6568136,-.067028254
Slovenia,2014,5.678,10.407,.90799999,69.839996,.88800001,.046999998,.90899998,.59399998,.29100001,SVN,99.199997,101.2,98.400002,98.099998,.251,81.199997,23.089001,19.72892,75.599998,100.8,63.400002,Slovenia,1,1,.25099999,23.089001,1,75.599998,.063000992,4.5971379,4.5890408,-.067772627
Slovenia,2015,5.7410002,10.428,.90100002,70,.89600003,.0020000001,.89200002,.64399999,.26100001,SVN,100,100,100,100,.25,80.900002,22.65,19.78458,75.099998,100,64.650002,Slovenia,1,1,.25,22.65,1,75.099998,.0625,4.6051702,4.6051702,.016129367
Slovenia,2016,5.9369998,10.459,.93400002,70.175003,.90399998,-.059999999,.838,.597,.27200001,SVN,103.3,101.6,103.7,101.6,.244,81.199997,22.246,19.703632,73.800003,98.800003,65.324997,Slovenia,1,1,.244,22.246,1,73.800003,.059536003,4.6376376,4.6415019,.036331899
Slovenia,2017,6.1669998,10.505,.92799997,70.349998,.921,-.030999999,.829,.58200002,.28600001,SVN,111.8,104.5,110.6,107,.243,81.199997,21.485001,19.315779,74.5,102,68.724998,Slovenia,1,1,.243,21.485001,1,74.5,.059048999,4.7167115,4.7059202,.064417988
Slovenia,2018,6.2490001,10.545,.94099998,70.525002,.94199997,-.125,.83899999,.60100001,.27500001,SVN,121.5,107,117.9,113.6,.249,81.5,21.325001,18.919928,74.400002,104.5,70.550003,Slovenia,1,1,.249,21.325001,1,74.400002,.062000997,4.7999144,4.7698369,.063916743
Slovenia,2019,6.665,10.572,.949,70.699997,.94499999,-.108,.78500003,.62199998,.228,SVN,129.7,109.5,124,118.4,.246,81.599998,21.472,18.266716,74.300003,105.7,71.275002,Slovenia,1,1,.24600001,21.472,1,74.300003,.060516004,4.8652239,4.8202815,.050444745
South Korea,2012,6.0029998,10.493,.77499998,71.339996,.61799997,,.84399998,.61000001,.206,KOR,96.800003,104.3,100.1,92.800003,.385,80.900002,8.9610004,17.844103,53.799999,112,64.343689,South Korea,1,1,.38499999,8.9610004,1,53.799999,.14822499,4.5726471,4.6061697,
South Korea,2013,5.9590001,10.519,.79699999,71.559998,.64200002,-.056000002,.83200002,.58899999,.189,KOR,95.800003,100.5,97.900002,95.300003,.372,81.400002,9.4619999,18.241959,,106.4,64.627274,South Korea,1,1,.37200001,9.4619999,0,0,.138384,4.5622625,4.5839467,-.022223106
South Korea,2014,5.8010001,10.544,.73799998,71.779999,.62300003,-.048999999,.83399999,.57499999,.28299999,KOR,97.300003,99.800003,98.199997,97.5,.363,81.800003,9.9099998,18.163183,53.599998,103.4,65.566223,South Korea,1,1,.36300001,9.9099998,1,53.599998,.131769,4.5777988,4.5870061,.0030596191
South Korea,2015,5.7800002,10.567,.76800001,72,.616,-.041000001,.84100002,.56099999,.244,KOR,100,100,100,100,.352,82.099998,10.546,18.103863,,100,65.909813,South Korea,1,1,.352,10.546,0,0,.123904,4.6051702,4.6051702,.018164001
South Korea,2016,5.9710002,10.592,.81099999,72.275002,.59100002,.02,.86199999,.583,.233,KOR,101.6,99.800003,100.3,101.9,.355,82.400002,10.79,17.957373,57.900002,99.300003,66.075661,South Korea,1,1,.35499999,10.79,1,57.900002,.12602499,4.6210437,4.6081657,.0029955395
South Korea,2017,5.8740001,10.62,.80699998,72.550003,.53799999,.0080000004,.85100001,.546,.235,KOR,102.9,99.400002,99.5,103.5,.354,82.699997,10.945,17.825741,59.099998,98,66.629257,South Korea,1,1,.354,10.945,1,59.099998,.12531601,4.6337576,4.6001577,-.0080080815
South Korea,2018,5.8400002,10.645,.79799998,72.824997,.60000002,-.094999999,.79699999,.579,.21699999,KOR,104.3,100.1,99.5,104.1,.345,82.699997,11.756,17.65476,58.700001,95.5,66.613243,South Korea,1,1,.345,11.756,1,58.700001,.119025,4.6472712,4.6001577,0
South Korea,2019,5.9029999,10.663,.78299999,73.099998,.70599997,-.061000001,.71799999,.59299999,.236,KOR,104,99.900002,98.5,104,.339,83.300003,13.255,17.498047,59.099998,91.5,66.822678,South Korea,1,1,.33899999,13.255,1,59.099998,.11492099,4.6443911,4.5900564,-.010101096
Spain,2012,6.2909999,10.485,.93699998,71.239998,.755,-.064999998,.84399998,.64399999,.366,ESP,105.9,104.5,107,101.4,.334,82.5,25.549999,23.793585,79.199997,110.9,55.75,Spain,1,1,.33399999,25.549999,1,79.199997,.11155599,4.6624951,4.6728287,
Spain,2013,6.1500001,10.474,.92900002,71.360001,.759,-.107,.91600001,.66299999,.37200001,ESP,96.199997,95.099998,96.300003,101.2,.345,83.199997,25.705,24.42705,77.699997,100.4,54.825001,Spain,1,1,.345,25.705,1,77.699997,.119025,4.5664291,4.5674682,-.10536049
Spain,2014,6.4559999,10.491,.94800001,71.480003,.73799998,-.034000002,.85399997,.68300003,.33500001,ESP,96.5,96.099998,96.5,100.5,.343,83.300003,25.372999,23.956793,78.099998,100.5,56,Spain,1,1,.34299999,25.372999,1,78.099998,.117649,4.5695429,4.5695429,.0020746579
Spain,2015,6.381,10.529,.95599997,71.599998,.73199999,-.078000002,.82200003,.70499998,.285,ESP,100,100,100,100,.344,83,24.707001,23.190819,77.199997,100,57.799999,Spain,1,1,.34400001,24.707001,1,77.199997,.11833601,4.6051702,4.6051702,.035627179
Spain,2016,6.3189998,10.558,.94199997,71.724998,.76800001,-.054000001,.81900001,.63,.301,ESP,104.6,104.7,104.4,99.900002,.341,83.5,24.245001,22.557573,77.099998,102,59.549999,Spain,1,1,.34099999,24.245001,1,77.099998,.116281,4.6501436,4.6482296,.043059506
Spain,2017,6.23,10.585,.903,71.849998,.75599998,-.037999999,.79100001,.60100001,.30199999,ESP,111.1,110.7,109.2,100.3,.333,83.400002,23.927,22.016283,76.699997,105.2,61.099998,Spain,1,1,.333,23.927,1,76.699997,.110889,4.7104306,4.693181,.044951346
Spain,2018,6.513,10.604,.91000003,71.974998,.722,-.081,.77700001,.63599998,.35699999,ESP,118.6,116.7,115,101.6,.33,83.5,24.034,21.927801,75.900002,109.6,62.400002,Spain,1,1,.33000001,24.034,1,75.900002,.10890001,4.7757564,4.7449322,.051751092
Spain,2019,6.4569998,10.616,.949,72.099998,.778,-.054000001,.73000002,.63599998,.31600001,ESP,124.7,120.9,119.6,103.2,.32,84,24.646999,22.001976,75.599998,110.6,63.299999,Spain,1,1,.31999999,24.646999,1,75.599998,.1024,4.825911,4.784153,.039220702
Sweden,2012,7.5599999,10.785,.92900002,71.279999,.94400001,.127,.25400001,.796,.17,SWE,76.800003,81.099998,78.699997,94.699997,,81.800003,26.695,26.305948,63.200001,81.900002,73.775002,Sweden,0,1,0,26.695,1,63.200001,0,4.3412046,4.365643,
Sweden,2013,7.434,10.789,.91600001,71.32,.93599999,.154,.324,.78200001,.184,SWE,80.800003,83.400002,82.300003,96.900002,.267,82,27.368999,26.26022,62.099998,84.800003,74.400002,Sweden,1,1,.26699999,27.368999,1,62.099998,.071288995,4.3919768,4.4103713,.04472803
Sweden,2014,7.2389998,10.805,.93300003,71.360001,.94499999,.197,.25,.79299998,.208,SWE,88.400002,89.699997,89.300003,98.5,.272,82.300003,26.975,25.950148,62.099998,90.699997,74.849998,Sweden,1,1,.27200001,26.975,1,62.099998,.073984005,4.4818721,4.4920015,.081630379
Sweden,2015,7.289,10.838,.92900002,71.400002,.935,.206,.23199999,.76599997,.191,SWE,100,100,100,100,.276,82.199997,26.514999,25.629749,59.5,100,75.525002,Sweden,1,1,.27599999,26.514999,1,59.5,.076175995,4.6051702,4.6051702,.11316866
Sweden,2016,7.369,10.846,.912,71.525002,.91799998,.141,.24600001,.75199997,.20100001,SWE,108.2,107.3,107.3,100.9,.28,82.400002,26.940001,25.660896,59.200001,105.1,76.199997,Sweden,1,1,.28,26.940001,1,59.200001,.078400001,4.6839814,4.6756287,.070458494
Sweden,2017,7.2870002,10.858,.91399997,71.650002,.935,.16500001,.23899999,.75599998,.175,SWE,115.4,113.5,112.5,101.7,.282,82.5,26.256001,25.542389,58.599998,109.4,76.849998,Sweden,1,1,.28200001,26.256001,1,58.599998,.079524003,4.7484045,4.7229533,.047324542
Sweden,2018,7.375,10.866,.93099999,71.775002,.94199997,.071999997,.26300001,.74699998,.161,SWE,114.4,111.4,108.7,102.6,.273,82.599998,26.037001,25.835489,57.700001,105.2,77.375,Sweden,1,1,.273,26.037001,1,57.700001,.074529,4.7397013,4.688592,-.034361456
Sweden,2019,7.3979998,10.875,.93400002,71.900002,.94199997,.085000001,.25,.77499998,.20200001,SWE,117.2,112.4,109.2,104.2,.277,83.199997,25.472,25.924019,57.900002,104.2,77.125,Sweden,1,1,.27700001,25.472,1,57.900002,.076729007,4.7638817,4.693181,.0045892694
Switzerland,2012,7.776,11.094,.94700003,71.519997,.94499999,.131,.32300001,.79299998,.176,CHE,92.099998,94.400002,90.300003,97.599998,.285,82.800003,24.693001,24.855305,40.099998,92.5,78.474998,Switzerland,1,1,.285,24.693001,1,40.099998,.081225,4.5228748,4.5031376,
Switzerland,2014,7.493,11.111,.95899999,71.639999,.949,.052999999,.28299999,.78799999,.189,CHE,97.400002,98.199997,96.099998,99.199997,.297,83.300003,25.302,24.964825,40.299999,96.599998,78.75,Switzerland,1,1,.29699999,25.302,1,40.299999,.088208996,4.5788264,4.5653892,.062251806
Switzerland,2015,7.572,11.116,.93800002,71.699997,.92799997,.102,.20999999,.79400003,.16599999,CHE,100,100,100,100,.296,83,26.118999,25.098898,38.400002,100,79.199997,Switzerland,1,1,.296,26.118999,1,38.400002,.087616004,4.6051702,4.6051702,.039780885
Switzerland,2016,7.4590001,11.126,.92799997,71.900002,.93400002,.081,.30199999,.75800002,.206,CHE,101.6,101.3,101.8,100.3,.302,83.699997,26.485001,25.38158,37.299999,101.4,79.599998,Switzerland,1,1,.30199999,26.485001,1,37.299999,.091203995,4.6210437,4.6230102,.017839948
Switzerland,2017,7.474,11.13,.94999999,72.099998,.92500001,.17299999,.31600001,.73400003,.19599999,CHE,103.6,102.2,102.9,101.4,.299,83.699997,26.870001,25.257887,,103.9,79.800003,Switzerland,1,1,.29899999,26.870001,0,0,.089400999,4.6405373,4.6337576,.010747524
Switzerland,2018,7.5089998,11.151,.93000001,72.300003,.926,.093999997,.301,.75599998,.192,CHE,106.7,104.9,104.8,101.8,.311,83.800003,26.254999,25.15004,38,106,80.099998,Switzerland,1,1,.31099999,26.254999,1,38,.096720994,4.6700211,4.6520538,.018296143
Switzerland,2019,7.6939998,11.155,.949,72.5,.91299999,.028999999,.294,.74299997,.171,CHE,110.6,108.1,108.9,102.3,.316,84,26.771,25.343586,37.5,108.6,80.474998,Switzerland,1,1,.31600001,26.771,1,37.5,.099856012,4.7059202,4.6904302,.038376242
Turkiye,2012,5.309,10.018,.73900002,67.220001,.47099999,-.221,.70200002,.50599998,.33500001,TUR,68.300003,83.400002,84.300003,81.900002,.399,74.599998,11.879,17.496073,59.200001,,48.900002,Turkiye,1,1,.39899999,11.879,1,59.200001,.159201,4.2239099,4.434382,
Turkiye,2013,4.888,10.082,.79500002,67.379997,.54100001,-.235,.69800001,.551,.39199999,TUR,75.900002,87.400002,88.5,86.900002,.39,78,11.684,16.894114,59.200001,,49.525002,Turkiye,1,1,.38999999,11.684,1,59.200001,.15209998,4.3294168,4.4830027,.048620652
Turkiye,2014,5.5799999,10.111,.86299998,67.540001,.64899999,-.028999999,.764,.41,.377,TUR,86.199997,92.699997,93.199997,92.900002,.398,78,11.61,16.482714,59.299999,,49.525002,Turkiye,1,1,.398,11.61,1,59.299999,.15840401,4.4566703,4.5347476,.051745135
Turkiye,2015,5.5139999,10.15,.85100001,67.699997,.653,-.021,.80599999,.391,.382,TUR,100,100,100,100,.404,78,11.488,16.152803,58.5,,50.150002,Turkiye,1,1,.40400001,11.488,1,58.5,.16321601,4.6051702,4.6051702,.0704225
Turkiye,2016,5.3260002,10.166,.88,67.875,.64399999,-.07,.764,.414,.38999999,TUR,113.6,104.6,106.8,108.7,,78,12.534,16.261934,58.200001,,50.650002,Turkiye,0,1,0,12.534,1,58.200001,0,4.7326837,4.670958,.06578777
Turkiye,2017,5.6069999,10.225,.87599999,68.050003,.64399999,-.242,.671,.39300001,.31299999,TUR,125.4,105.8,105.9,118.6,.409,78.099998,11.999,15.574574,57.700001,,51.549999,Turkiye,1,1,.40900001,11.999,1,57.700001,.167281,4.8315086,4.6624951,-.008462688
Turkiye,2018,5.1859999,10.246,.847,68.224998,.52899998,-.18099999,.80500001,.37900001,.35100001,TUR,134.89999,103.8,99.900002,130.10001,.397,78.300003,11.767,15.147691,57,,51.974998,Turkiye,1,1,.39700001,11.767,1,57,.15760902,4.9045339,4.6041698,-.058325566
Turkiye,2019,4.8720002,10.245,.792,68.400002,.63099998,-.141,.75999999,.347,.368,TUR,141,98.5,91.199997,143.2,.415,78.599998,12.429,14.43716,56.799999,,50.299999,Turkiye,1,1,.41499999,12.429,1,56.799999,.172225,4.94876,4.5130548,-.091114834
United Kingdom,2012,6.881,10.656,.935,69.519997,.889,.366,.42500001,.73900002,.184,GBR,85.199997,91.900002,87.800003,92.699997,.351,80.800003,23.736,27.296474,65.900002,95.099998,70.974998,United Kingdom,1,1,.35100001,23.736,1,65.900002,.12320101,4.4450016,4.4750614,
United Kingdom,2013,6.9180002,10.668,.93699998,69.580002,.90499997,.34099999,.56800002,.71899998,.252,GBR,87.400002,92,88.099998,95,.358,80.800003,23.02,27.155615,65.5,94.300003,71.550003,United Kingdom,1,1,.35800001,23.02,1,65.5,.12816401,4.4704952,4.4784727,.0034109803
United Kingdom,2014,6.7579999,10.692,.91000003,69.639999,.85699999,.34900001,.484,.74000001,.25099999,GBR,94.300003,97.099998,94,97.199997,.356,81.099998,22.49,26.735386,65.5,99.199997,72.875,United Kingdom,1,1,.35600001,22.49,1,65.5,.126736,4.5464811,4.5432949,.064822264
United Kingdom,2015,6.5149999,10.707,.93599999,69.699997,.833,.294,.456,.74000001,.219,GBR,100,100,100,100,.36,80.800003,22.089001,26.955988,66.300003,100,73.675003,United Kingdom,1,1,.36000001,22.089001,1,66.300003,.1296,4.6051702,4.6051702,.061875403
United Kingdom,2016,6.8239999,10.721,.954,69.800003,.82099998,.244,.458,.73199999,.23,GBR,107,105.2,105.7,101.7,.351,81,21.417,26.896751,66.300003,105.8,74.375,United Kingdom,1,1,.35100001,21.417,1,66.300003,.12320101,4.6728287,4.660605,.055434678
United Kingdom,2017,7.1030002,10.739,.93699998,69.900002,.81300002,.285,.419,.71200001,.20999999,GBR,111.8,108.9,108.5,102.7,.357,81.099998,20.971001,26.12105,66.199997,108.4,75,United Kingdom,1,1,.35699999,20.971001,1,66.199997,.12744899,4.7167115,4.6867499,.026145309
United Kingdom,2018,7.2329998,10.75,.92799997,70,.838,.22,.40400001,.736,.228,GBR,115.5,112,109.7,103.2,.366,81,20.444,25.997015,66.599998,108.1,75.625,United Kingdom,1,1,.366,20.444,1,66.599998,.133956,4.7492704,4.6977491,.010999166
United Kingdom,2019,7.1570001,10.76,.94300002,70.099998,.85399997,.264,.48500001,.73900002,.25099999,GBR,116.6,112.2,109.1,103.9,.366,81.300003,20.125999,25.754412,66.800003,106,76.175003,United Kingdom,1,1,.366,20.125999,1,66.800003,.133956,4.7587495,4.692265,-.0054844604
United States,2012,7.026,10.929,.903,66.660004,.82300001,.208,.70999998,.76499999,.25999999,USA,84.900002,93.199997,87.300003,91,,78.800003,18.77,19.005041,64,90.300003,67.136612,United States,0,1,0,18.77,1,64,0,4.441474,4.4693503,
United States,2013,7.2490001,10.941,.92500001,66.639999,.792,.26800001,.74699998,.77600002,.25999999,USA,90.699997,96.900002,92.199997,93.599998,.396,78.800003,18.733999,19.051445,63.599998,97.400002,67.35994,United States,1,1,.396,18.733999,1,63.599998,.15681601,4.5075574,4.5239601,.0546096
United States,2014,7.151,10.956,.90200001,66.620003,.866,.215,.70200002,.78600001,.28099999,USA,95.099998,98.5,95.300003,96.5,.394,78.900002,24.039,18.795856,63.200001,98.099998,68.14875,United States,1,1,.39399999,24.039,1,63.200001,.15523599,4.5549288,4.5570297,.033069745
United States,2015,6.8639998,10.975,.90399998,66.599998,.84899998,.213,.69800001,.76899999,.27500001,USA,100,100,100,100,.39,78.699997,24.225,18.503714,63.099998,100,68.709618,United States,1,1,.38999999,24.225,1,63.099998,.15209998,4.6051702,4.6051702,.048140343
United States,2016,6.8039999,10.985,.89700001,66.474998,.75800002,.138,.73900002,.73699999,.264,USA,105.6,101.7,104.5,103.8,.391,78.699997,24.474001,18.471418,63.200001,103.4,69.351357,United States,1,1,.391,24.474001,1,63.200001,.152881,4.6596584,4.6491871,.044016887
United States,2017,6.9920001,11.001,.921,66.349998,.86799997,.191,.68099999,.755,.26800001,USA,112,104,109,107.7,.39,78.599998,24.333,18.341265,64,105.3,70.110168,United States,1,1,.38999999,24.333,1,64,.15209998,4.7184987,4.6913481,.042160809
United States,2018,6.8829999,11.024,.90399998,66.224998,.82499999,.11,.70999998,.75700003,.292,USA,118.9,106.5,113.4,111.6,.393,78.699997,24.07,18.350426,64,106.4,70.726143,United States,1,1,.39300001,24.07,1,64,.154449,4.7782826,4.7309213,.039573524
United States,2019,6.9439998,11.042,.917,66.099998,.83600003,.138,.70700002,.755,.244,USA,124.9,107.9,117.4,115.8,.395,78.800003,24.014999,18.40547,64.099998,107.4,71.358414,United States,1,1,.39500001,24.014999,1,64.099998,.15602501,4.8275132,4.7655869,.034665514
