"countryname","year","lifeladder","loggdppercapita","socialsupport","healthylifeexpectancyatbirth","freedomtomakelifechoices","generosity","perceptionsofcorruption","positiveaffect","negativeaffect","code","house_price","ptr_ratio","r_house_price","rent_price","gini","life_expectancy","social_expenditure","housing_expenditure_ratio","ownership","pri_ratio","employment_rate","idcode","gini_dum","social_expenditure_dum","gini_dum_int","socialexp_dum_int","owner_dum","owner_dum_int","gini_dum_int_sq","soci_ex_2"
"Australia",2012,7.1960001,10.744,0.94499999,70.360001,0.935,0.26800001,0.368,0.72799999,0.214,"AUS",78.900002,84.900002,83.099998,92.900002,0.326,82,21.063999,23.355175,62.900002,85.199997,72.345581,"Australia",1,1,0.32600001,21.063999,1,62.900002,0.10627601,47.6
"Australia",2013,7.3639998,10.752,0.92799997,70.440002,0.93300003,0.26300001,0.43200001,0.76999998,0.177,"AUS",84.099998,87.599998,86.599998,96,NA,82.099998,21.326,23.455395,62.400002,88.400002,71.970444,"Australia",0,1,0,21.326,1,62.400002,0,47.2
"Australia",2014,7.289,10.763,0.92400002,70.519997,0.92299998,0.31299999,0.442,0.74000001,0.245,"AUS",91.699997,93.199997,92.900002,98.400002,0.337,82.300003,22.372999,23.435438,62.799999,93.099998,71.566353,"Australia",1,1,0.33700001,22.372999,1,62.799999,0.11356901,48.4
"Australia",2015,7.309,10.77,0.95200002,70.599998,0.92199999,0.32699999,0.35699999,0.75,0.20999999,"AUS",100,100,100,100,NA,82.400002,22.962,23.331327,63.5,100,72.157959,"Australia",0,1,0,22.962,1,63.5,0,48.5
"Australia",2016,7.25,10.781,0.94199997,70.675003,0.92199999,0.233,0.39899999,0.736,0.236,"AUS",105.5,104.7,104.8,100.8,0.33,82.400002,22.414,23.403124,63,105.1,72.384537,"Australia",1,1,0.33000001,22.414,1,63,0.10890001,47.5
"Australia",2017,7.257,10.787,0.94999999,70.75,0.91100001,0.31200001,0.41100001,0.72799999,0.22499999,"AUS",114.3,112.7,112.2,101.4,NA,82.5,21.674,23.610359,62.799999,112.4,72.771057,"Australia",0,1,0,21.674,1,62.799999,0,46.2
"Australia",2018,7.177,10.801,0.94,70.824997,0.91600001,0.141,0.405,0.70599997,0.18700001,"AUS",112.7,110.4,108.8,102.1,0.325,82.699997,21.062,23.712233,62.5,107.6,73.489258,"Australia",1,1,0.32499999,21.062,1,62.5,0.10562499,45.2
"Australia",2019,7.2340002,10.807,0.94300002,70.900002,0.91799998,0.115,0.43000001,0.727,0.20200001,"AUS",108.1,105.5,102.5,102.4,NA,82.900002,24.212999,24.914545,62.700001,100.5,74.110626,"Australia",0,1,0,24.212999,1,62.700001,0,49
"Austria",2012,7.401,10.884,0.94499999,70.099998,0.92000002,0.112,0.77100003,0.71200001,0.15700001,"AUT",86.900002,97.199997,91.400002,89.300003,0.276,81.099998,28.424999,21.46044,49.599998,88.300003,71.425003,"Austria",1,1,0.27599999,28.424999,1,49.599998,0.076175995,53.9
"Austria",2013,7.4990001,10.878,0.94999999,70.199997,0.92199999,0.163,0.67900002,0.72500002,0.163,"AUT",91.199997,99,94.099998,92.099998,0.28,81.300003,28.862,21.765268,49.900002,93.800003,71.400002,"Austria",1,1,0.28,28.862,1,49.900002,0.078400001,54.3
"Austria",2014,6.9499998,10.877,0.89899999,70.300003,0.88499999,0.112,0.56699997,0.72100002,0.17,"AUT",94.699997,98.900002,95.900002,95.800003,0.274,81.599998,29.035999,21.922367,49.700001,95.699997,71.074997,"Austria",1,1,0.27399999,29.035999,1,49.700001,0.075075991,53.9
"Austria",2015,7.0760002,10.876,0.92799997,70.400002,0.89999998,0.093000002,0.55699998,0.74800003,0.164,"AUT",100,100,100,100,0.275,81.300003,29.061001,22.071707,48.799999,100,71.099998,"Austria",1,1,0.27500001,29.061001,1,48.799999,0.075625002,55.3
"Austria",2016,7.0479999,10.885,0.926,70.525002,0.889,0.074000001,0.52399999,0.713,0.197,"AUT",106.7,103.5,105.3,103.1,0.284,81.800003,28.979,22.123238,47.900002,103.8,71.550003,"Austria",1,1,0.28400001,28.979,1,47.900002,0.080656007,56.3
"Austria",2017,7.2940001,10.9,0.90600002,70.650002,0.88999999,0.12800001,0.51800001,0.699,0.18000001,"AUT",112.1,104.5,108.7,107.3,0.275,81.699997,28.613001,22.278522,47.400002,106.8,72.199997,"Austria",1,1,0.27500001,28.613001,1,47.400002,0.075625002,56.4
"Austria",2018,7.3959999,10.919,0.912,70.775002,0.90399998,0.048,0.523,0.69499999,0.226,"AUT",118.8,106.7,112.8,111.3,0.28,81.800003,28.385,22.246086,47.799999,109.7,73.025002,"Austria",1,1,0.28,28.385,1,47.799999,0.078400001,56.5
"Austria",2019,7.1950002,10.93,0.96399999,70.900002,0.903,0.054000001,0.45699999,0.727,0.205,"AUT",126,109.9,117.5,114.6,0.274,82,28.552,22.50852,47.799999,114.6,73.525002,"Austria",1,1,0.27399999,28.552,1,47.799999,0.075075991,57
"Belgium",2012,6.9349999,10.783,0.92699999,69.519997,0.85500002,-0.056000002,0.75800002,0.71799999,0.23800001,"BEL",97.099998,101.4,99.599998,95.699997,NA,80.5,27.966999,24.738842,67.199997,99,61.825001,"Belgium",0,1,0,27.966999,1,67.199997,0,49.5
"Belgium",2013,7.1040001,10.783,0.90899998,69.68,0.89099997,0.011,0.574,0.73799998,0.21699999,"BEL",98.599998,101.6,100.1,97,NA,80.699997,28.344999,24.801533,66.800003,100,61.799999,"Belgium",0,1,0,28.344999,1,66.800003,0,50.5
"Belgium",2014,6.855,10.794,0.94400001,69.839996,0.861,-0.0049999999,0.51200002,0.74400002,0.252,"BEL",98.199997,99.199997,99,99,NA,81.400002,28.399,24.101072,66.099998,98.800003,61.900002,"Belgium",0,1,0,28.399,1,66.099998,0,51.1
"Belgium",2015,6.9039998,10.809,0.88499999,70,0.86900002,0.056000002,0.46900001,0.74699998,0.23999999,"BEL",100,100,100,100,NA,81.099998,29.059999,23.934765,65.900002,100,61.799999,"Belgium",0,1,0,29.059999,1,65.900002,0,54.1
"Belgium",2016,6.9489999,10.816,0.92900002,70.150002,0.866,-0.061999999,0.49700001,0.70099998,0.25999999,"BEL",102.3,101.4,100.8,100.9,NA,81.5,28.43,23.746279,66.199997,99.800003,62.299999,"Belgium",0,1,0,28.43,1,66.199997,0,53.5
"Belgium",2017,6.928,10.829,0.92199999,70.300003,0.85699999,0.048999999,0.54299998,0.713,0.234,"BEL",105.9,103.8,102.3,102,NA,81.599998,28.280001,23.848291,67.800003,100.1,63.125,"Belgium",0,1,0,28.280001,1,67.800003,0,54.3
"Belgium",2018,6.8920002,10.842,0.93000001,70.449997,0.80800003,-0.13,0.63,0.68199998,0.25,"BEL",109.1,105.9,103.3,103.1,0.258,81.699997,28.360001,23.90361,67.300003,100.2,64.449997,"Belgium",1,1,0.25799999,28.360001,1,67.300003,0.066563994,54.3
"Belgium",2019,6.7719998,10.859,0.884,70.599998,0.77600002,-0.178,0.67199999,0.699,0.244,"BEL",113.2,108.7,105.6,104.2,0.262,82.099998,28.222,23.745995,66.300003,100.1,65.300003,"Belgium",1,1,0.26199999,28.222,1,66.300003,0.068643995,54.4
"Canada",2012,7.415,10.739,0.94800001,70.919998,0.91799998,0.28400001,0.46599999,0.77600002,0.229,"CAN",87.599998,91.400002,91.5,95.900002,0.317,81.800003,17.222,23.830967,69.599998,95.300003,72.316673,"Canada",1,1,0.317,17.222,1,69.599998,0.100489,41.5
"Canada",2013,7.5939999,10.752,0.93599999,70.980003,0.91600001,0.31,0.40599999,0.801,0.26300001,"CAN",90.099998,92.5,92.800003,97.400002,0.319,81.800003,16.986,24.047527,69.099998,95.099998,72.716667,"Canada",1,1,0.31900001,16.986,1,69.099998,0.10176101,42.1
"Canada",2014,7.3039999,10.77,0.91799998,71.040001,0.93900001,0.264,0.442,0.79100001,0.259,"CAN",94.900002,96,95.900002,98.800003,0.312,81.900002,16.913,24.127289,69.800003,97.900002,72.5,"Canada",1,1,0.31200001,16.913,1,69.800003,0.097344004,42.7
"Canada",2015,7.4130001,10.769,0.93900001,71.099998,0.93099999,0.24699999,0.42699999,0.792,0.28600001,"CAN",100,100,100,100,0.318,81.900002,17.934,24.231375,69.099998,100,72.741669,"Canada",1,1,0.31799999,17.934,1,69.099998,0.101124,43.7
"Canada",2016,7.2449999,10.768,0.92400002,71.150002,0.912,0.205,0.38499999,0.76800001,0.237,"CAN",110,109.3,109.1,100.7,0.307,82,18.296,24.23506,68.099998,111,72.675003,"Canada",1,1,0.30700001,18.296,1,68.099998,0.09424901,44.1
"Canada",2017,7.415,10.786,0.93400002,71.199997,0.94499999,0.15700001,0.36199999,0.79900002,0.21799999,"CAN",122.7,121.1,120.4,101.3,0.31,81.900002,18.028999,23.912947,68.800003,119.5,73.566673,"Canada",1,1,0.31,18.028999,1,68.800003,0.096100003,43.6
"Canada",2018,7.1750002,10.799,0.92299998,71.25,0.94599998,0.1,0.37200001,0.773,0.259,"CAN",127.2,124.1,122.9,102.5,0.304,81.900002,18.004,23.838188,69.199997,122.1,74.025002,"Canada",1,1,0.30399999,18.004,1,69.199997,0.092415996,43.4
"Canada",2019,7.1090002,10.803,0.92500001,71.300003,0.912,0.105,0.43599999,0.78100002,0.285,"CAN",129,122.6,122.7,105.3,0.3,82.300003,18.784,24.239151,69.599998,120.1,74.599998,"Canada",1,1,0.30000001,18.784,1,69.599998,0.090000004,42.3
"Colombia",2012,6.375,9.4680004,0.91399997,67.639999,0.82800001,-0.015,0.86799997,0.829,0.294,"COL",77.699997,86.099998,87,90.199997,NA,74.699997,13.742,15.963941,43.400002,94.699997,66.014999,"Colombia",0,1,0,13.742,1,43.400002,0,32.2
"Colombia",2013,6.6069999,9.5080004,0.90100002,67.860001,0.84100002,-0.075999998,0.898,0.815,0.278,"COL",85.099998,90.900002,93.199997,93.599998,NA,75,14.472,16.08852,43.299999,97.400002,66.214157,"Colombia",0,1,0,14.472,1,43.299999,0,32.2
"Colombia",2014,6.4489999,9.5419998,0.90700001,68.080002,0.801,-0.096000001,0.88700002,0.82499999,0.278,"COL",92,95.099998,97.699997,96.699997,NA,75.199997,15.416,16.05092,41.400002,99.900002,66.709999,"Colombia",0,1,0,15.416,1,41.400002,0,31.3
"Colombia",2015,6.388,9.5620003,0.88999999,68.300003,0.79100001,-0.106,0.84299999,0.80299997,0.292,"COL",100,100,100,100,NA,75.400002,15.892,15.789909,40.5,100,67.385002,"Colombia",0,1,0,15.892,1,40.5,0,32.2
"Colombia",2016,6.2340002,9.5719995,0.88200003,68.474998,0.83499998,-0.106,0.898,0.76999998,0.294,"COL",109.6,105.4,102.9,104,NA,75.699997,15.541,15.849312,40.400002,104.3,67.032501,"Colombia",0,1,0,15.541,1,40.400002,0,33
"Colombia",2017,6.1570001,9.5699997,0.90899998,68.650002,0.838,-0.163,0.875,0.79000002,0.29899999,"COL",117,108,105.9,108.3,NA,75.900002,15.555,15.993696,39.200001,104.8,66.933327,"Colombia",0,1,0,15.555,1,39.200001,0,31.7
"Colombia",2018,5.9840002,9.5769997,0.87099999,68.824997,0.85100001,-0.154,0.85500002,0.77499998,0.301,"COL",123.3,109.9,108.1,112.3,NA,76.5,15.202,16.207159,38.400002,105.3,66.450844,"Colombia",0,1,0,15.202,1,38.400002,0,30.9
"Colombia",2019,6.3499999,9.5900002,0.87300003,69,0.82200003,-0.177,0.85399997,0.79100001,0.322,"COL",130,112.5,109.6,115.6,NA,76.599998,15.807,16.050394,38.200001,106.5,65.366669,"Colombia",0,1,0,15.807,1,38.200001,0,31.6
"Czechia",2012,6.3340001,10.425,0.912,67.940002,0.74000001,-0.16,0.95700002,0.63499999,0.257,"CZE",93.800003,97.5,96.099998,96.300003,0.254,78.099998,20.605,27.742529,78.199997,100.2,66.550003,"Czechia",1,1,0.25400001,20.605,1,78.199997,0.064516,44.5
"Czechia",2013,6.698,10.424,0.88800001,68.059998,0.72600001,-0.162,0.91600001,0.65600002,0.25299999,"CZE",93.900002,95.5,95.5,98.300003,0.259,78.300003,21.033001,27.665178,77.900002,100.4,67.724998,"Czechia",1,1,0.259,21.033001,1,77.900002,0.067081004,48.4
"Czechia",2014,6.4840002,10.445,0.87800002,68.18,0.80000001,-0.17399999,0.89700001,0.63800001,0.235,"CZE",96.199997,97,96.699997,99.199997,0.257,78.900002,20.457001,26.527071,76.5,98.900002,68.974998,"Czechia",1,1,0.257,20.457001,1,76.5,0.066049002,47.1
"Czechia",2015,6.6079998,10.496,0.91100001,68.300003,0.80800003,-0.152,0.88599998,0.68900001,0.206,"CZE",100,100,100,100,0.258,78.699997,19.673,26.244638,75.400002,100,70.224998,"Czechia",1,1,0.25799999,19.673,1,75.400002,0.066563994,45.9
"Czechia",2016,6.7360001,10.519,0.93099999,68.425003,0.85000002,-0.204,0.89999998,0.70999998,0.20100001,"CZE",107.2,105.9,106,101.2,0.253,79.099998,19.315001,26.095459,75.300003,103.1,71.949997,"Czechia",1,1,0.25299999,19.315001,1,75.300003,0.064008996,47.5
"Czechia",2017,6.79,10.567,0.90100002,68.550003,0.83200002,-0.183,0.86699998,0.67199999,0.227,"CZE",119.7,115.8,115,103.4,0.249,79.099998,19.370001,25.912025,75.599998,106.7,73.625,"Czechia",1,1,0.249,19.370001,1,75.599998,0.062000997,48.5
"Czechia",2018,7.0339999,10.595,0.92900002,68.675003,0.79000002,-0.29899999,0.85100001,0.67400002,0.178,"CZE",130,122.1,121.4,106.4,0.249,79.099998,19.525,26.516785,75.400002,108.1,74.824997,"Czechia",1,1,0.249,19.525,1,75.400002,0.062000997,47
"Denmark",2012,7.52,10.844,0.95099998,69.839996,0.93300003,0.133,0.18700001,0.78299999,0.20900001,"DNK",86.699997,91.800003,88,94.5,0.249,80.199997,32.105,29.528814,54.400002,91.800003,71.025002,"Denmark",1,1,0.249,32.105,1,54.400002,0.062000997,52.1
"Denmark",2013,7.5890002,10.849,0.96499997,70.059998,0.92000002,0.20900001,0.17,0.82599998,0.19499999,"DNK",90.099998,93.400002,90.800003,96.5,0.254,80.400002,32.779999,30.028486,54.700001,93.699997,70.775002,"Denmark",1,1,0.25400001,32.779999,1,54.700001,0.064516,53.8
"Denmark",2014,7.5079999,10.86,0.95599997,70.279999,0.94199997,0.112,0.237,0.77999997,0.233,"DNK",93.5,95.199997,93.599998,98.099998,0.256,80.699997,33.042999,29.536896,53.900002,96.900002,71.099998,"Denmark",1,1,0.25600001,33.042999,1,53.900002,0.065536007,54.4
"Denmark",2015,7.5139999,10.876,0.95999998,70.5,0.94099998,0.21600001,0.191,0.801,0.21799999,"DNK",100,100,100,100,0.263,80.800003,32.610001,29.269659,53.299999,100,71.974998,"Denmark",1,1,0.26300001,32.610001,1,53.299999,0.069169007,55
"Denmark",2016,7.5580001,10.9,0.954,70.625,0.94800001,0.132,0.20999999,0.78600001,0.208,"DNK",104.6,103.2,104.5,101.3,0.261,80.900002,31.583,28.981518,52.5,99.699997,72.675003,"Denmark",1,1,0.26100001,31.583,1,52.5,0.068121001,56.1
"Denmark",2017,7.5939999,10.922,0.95200002,70.75,0.95499998,0.149,0.18099999,0.77899998,0.206,"DNK",109.7,106.6,108.6,103,0.264,81.099998,31.247,28.467745,53.900002,102.8,73.224998,"Denmark",1,1,0.264,31.247,1,53.900002,0.069696002,57.3
"Denmark",2018,7.6490002,10.936,0.958,70.875,0.935,0.012,0.15099999,0.773,0.206,"DNK",114.6,110,112.9,104.2,0.263,81,30.816,28.403517,52.900002,104.7,74.125,"Denmark",1,1,0.26300001,30.816,1,52.900002,0.069169007,56.4
"Denmark",2019,7.6929998,10.948,0.958,71,0.963,0.015,0.17399999,0.79699999,0.18099999,"DNK",117.2,111.5,114.5,105.1,0.268,81.5,30.796,28.092548,52.700001,104,75,"Denmark",1,1,0.26800001,30.796,1,52.700001,0.071824007,57.3
"Estonia",2012,5.3639998,10.275,0.889,67.459999,0.69700003,-0.197,0.79299998,0.62699997,0.199,"EST",74.400002,101,77.300003,73.599998,NA,76.699997,15.753,19.646843,78.300003,91.300003,67.974998,"Estonia",0,1,0,15.753,1,78.300003,0,40.1
"Estonia",2013,5.3670001,10.293,0.90100002,67.739998,0.75400001,-0.206,0.72600001,0.65100002,0.199,"EST",82.300003,97.900002,83,84,0.356,77.5,15.676,19.123291,76.5,91.800003,69.175003,"Estonia",1,1,0.35600001,15.676,1,76.5,0.126736,40.8
"Estonia",2014,5.5560002,10.325,0.917,68.019997,0.773,-0.15800001,0.65200001,0.62,0.20299999,"EST",93.599998,100.4,93.699997,93.199997,0.346,77.400002,15.983,18.522295,77.199997,100.3,70.224998,"Estonia",1,1,0.34599999,15.983,1,77.199997,0.11971599,42.3
"Estonia",2015,5.6290002,10.343,0.91799998,68.300003,0.815,-0.169,0.56900001,0.64899999,0.183,"EST",100,100,100,100,0.33,78,17.278999,18.123709,76.900002,100,72.074997,"Estonia",1,1,0.33000001,17.278999,1,76.900002,0.10890001,43.7
"Estonia",2016,5.6500001,10.374,0.93800002,68.525002,0.84299999,-0.155,0.639,0.65700001,0.177,"EST",104.7,98.300003,102.9,106.5,0.314,78,17.533001,17.959969,76.300003,99.900002,72.400002,"Estonia",1,1,0.31400001,17.533001,1,76.300003,0.098596007,44.5
"Estonia",2017,5.9380002,10.429,0.93599999,68.75,0.86199999,-0.107,0.66799998,0.74000001,0.16,"EST",110.5,96.699997,103.9,114.3,0.309,78.400002,17.028,17.888275,77.099998,97.900002,74.5,"Estonia",1,1,0.30899999,17.028,1,77.099998,0.095480993,43.4
"Estonia",2018,6.0910001,10.463,0.93300003,68.974998,0.88599998,-0.147,0.62099999,0.73000002,0.163,"EST",117.1,96,106.3,121.9,0.305,78.5,17.462,18.005636,77.400002,92.099998,75.050003,"Estonia",1,1,0.30500001,17.462,1,77.400002,0.093025006,44.5
"Estonia",2019,6.0349998,10.496,0.93400002,69.199997,0.88700002,-0.101,0.57599998,0.73799998,0.156,"EST",125.3,95.800003,110.4,130.7,0.305,79,17.907,18.497095,76.400002,93,75.550003,"Estonia",1,1,0.30500001,17.907,1,76.400002,0.093025006,45.5
"Finland",2012,7.4200001,10.735,0.92799997,70.040001,0.921,-0.0070000002,0.361,0.74199998,0.20200001,"FIN",99.199997,108.4,103.4,91.5,0.26,80.699997,28.438,25.857769,68.099998,102.5,68.449997,"Finland",1,1,0.25999999,28.438,1,68.099998,0.067599997,51.1
"Finland",2013,7.4450002,10.722,0.94099998,70.260002,0.91900003,0.034000002,0.30599999,0.75199997,0.19499999,"FIN",100.4,106.6,102.1,94.199997,0.262,81.099998,29.552,26.554148,67.300003,102.1,68.074997,"Finland",1,1,0.26199999,29.552,1,67.300003,0.068643995,51.8
"Finland",2014,7.3850002,10.714,0.95200002,70.480003,0.93300003,-0.0070000002,0.26499999,0.76599997,0.199,"FIN",100,103,100.5,97.099998,0.257,81.300003,30.285,27.187511,66.400002,101.3,67.949997,"Finland",1,1,0.257,30.285,1,66.400002,0.066049002,52.7
"Finland",2015,7.448,10.716,0.94800001,70.699997,0.93000001,0.105,0.223,0.736,0.191,"FIN",100,100,100,100,0.26,81.599998,30.638,27.898113,65.900002,100,67.550003,"Finland",1,1,0.25999999,30.638,1,65.900002,0.067599997,54
"Finland",2016,7.6599998,10.741,0.954,70.775002,0.94800001,-0.033,0.25,0.76899999,0.182,"FIN",101.3,99,101.1,102.3,0.259,81.5,30.546,28.2857,64.599998,100,68.224998,"Finland",1,1,0.259,30.546,1,64.599998,0.067081004,54.7
"Finland",2017,7.7880001,10.77,0.96399999,70.849998,0.96200001,-0.0080000004,0.192,0.75599998,0.176,"FIN",102.4,98.099998,101.2,104.4,0.266,81.699997,29.674,28.549706,64.599998,99,69.074997,"Finland",1,1,0.266,29.674,1,64.599998,0.070756003,55.1
"Finland",2018,7.8579998,10.78,0.96200001,70.925003,0.93800002,-0.133,0.199,0.74900001,0.182,"FIN",103.3,97.199997,100.8,106.4,0.269,81.800003,29.391001,28.587164,64.699997,97,71.150002,"Finland",1,1,0.26899999,29.391001,1,64.699997,0.072361,55
"Finland",2019,7.7800002,10.791,0.93699998,71,0.94800001,-0.057999998,0.19499999,0.73199999,0.18099999,"FIN",103.8,95.599998,100.3,108.5,0.273,82.099998,29.454,28.830301,64,94.599998,72,"Finland",1,1,0.273,29.454,1,64,0.074529,55.2
"France",2012,6.6490002,10.664,0.93699998,71.400002,0.84100002,-0.155,0.60799998,0.70499998,0.25299999,"FRA",106,109.5,107.1,96.800003,NA,82.099998,31.177,26.126055,60.599998,107,64.375,"France",0,1,0,31.177,1,60.599998,0,54.6
"France",2013,6.6669998,10.665,0.90799999,71.5,0.87800002,-0.13,0.699,0.741,0.205,"FRA",103.8,105.6,104.2,98.300003,NA,82.400002,32.325001,26.601458,61.099998,105.6,64.375,"France",0,1,0,32.325001,1,61.099998,0,55.3
"France",2014,6.467,10.669,0.87800002,71.599998,0.80299997,-0.124,0.65600002,0.759,0.21600001,"FRA",101.9,102.6,102.2,99.400002,NA,82.900002,32.647999,26.501879,61.400002,102.7,64.525002,"France",0,1,0,32.647999,1,61.400002,0,55.9
"France",2015,6.3579998,10.677,0.89600003,71.699997,0.81699997,-0.145,0.64099997,0.74000001,0.215,"FRA",100,100,100,100,NA,82.400002,32.465,26.465874,60.900002,100,64.699997,"France",0,1,0,32.465,1,60.900002,0,55.9
"France",2016,6.4749999,10.685,0.88499999,71.800003,0.787,-0.097000003,0.62300003,0.71499997,0.27000001,"FRA",100.9,100.6,100.7,100.3,NA,82.699997,32.639999,26.420404,61.5,99.599998,65,"France",0,1,0,32.639999,1,61.5,0,56.3
"France",2017,6.6350002,10.705,0.93099999,71.900002,0.83399999,-0.12899999,0.60100001,0.71600002,0.242,"FRA",104,103.4,103,100.5,NA,82.699997,32.16,26.169289,61,100.5,65.550003,"France",0,1,0,32.16,1,61,0,55.7
"France",2018,6.6659999,10.72,0.921,72,0.81599998,-0.14300001,0.58200002,0.70499998,0.28200001,"FRA",107.1,106.9,104.1,100.2,NA,82.800003,31.728001,26.131699,61.900002,101.3,66.150002,"France",0,1,0,31.728001,1,61.900002,0,55.7
"France",2019,6.6900001,10.735,0.958,72.099998,0.82700002,-0.139,0.56800002,0.69300002,0.25,"FRA",110.7,109.9,106.7,100.7,NA,83,31.489,26.237085,60.599998,101.7,66.375,"France",0,1,0,31.489,1,60.599998,0,55.5
"Germany",2012,6.7020001,10.817,0.926,70.040001,0.90399998,0.064999998,0.67900002,0.699,0.17,"DEU",89.800003,93.400002,92.599998,96.099998,0.289,80.699997,26.982,24.855179,44.799999,94.699997,72.050003,"Germany",1,1,0.289,26.982,1,44.799999,0.083521001,54.9
"Germany",2013,6.9650002,10.819,0.93099999,70.059998,0.89399999,0.017999999,0.56599998,0.69300002,0.205,"DEU",92.5,95,94,97.400002,0.292,80.599998,27.266001,25.234655,NA,96.599998,72.525002,"Germany",1,1,0.292,27.266001,0,0,0.085263997,55.3
"Germany",2014,6.9840002,10.837,0.93800002,70.080002,0.89899999,0.082000002,0.47400001,0.73900002,0.18799999,"DEU",95.5,96.599998,96,98.800003,0.289,81.199997,27.143,24.718151,45,97.5,72.800003,"Germany",1,1,0.289,27.143,1,45,0.083521001,56
"Germany",2015,7.0370002,10.843,0.926,70.099998,0.889,0.17200001,0.412,0.722,0.20299999,"DEU",100,100,100,100,0.293,80.699997,27.459999,24.505621,43.799999,100,73,"Germany",1,1,0.29300001,27.459999,1,43.799999,0.085849009,56.8
"Germany",2016,6.8740001,10.857,0.90600002,70.300003,0.87099999,0.142,0.44600001,0.70899999,0.18700001,"DEU",107.4,106.2,106.7,101.1,0.294,81,27.714001,24.229965,44.200001,105,73.675003,"Germany",1,1,0.294,27.714001,1,44.200001,0.086436003,57
"Germany",2017,7.0739999,10.879,0.89200002,70.5,0.84100002,0.139,0.414,0.70700002,0.19599999,"DEU",114,111.2,111.4,102.5,0.289,81.099998,27.695999,24.130062,43.799999,108.2,74.25,"Germany",1,1,0.289,27.695999,1,43.799999,0.083521001,57.1
"Germany",2018,7.118,10.886,0.92000002,70.699997,0.87699997,0.028000001,0.49599999,0.74000001,0.243,"DEU",121.6,116.8,116.8,104.1,0.289,81,27.826,24.042629,44.099998,111.2,74.900002,"Germany",1,1,0.289,27.826,1,44.099998,0.083521001,57
"Germany",2019,7.0349998,10.894,0.88599998,70.900002,0.88499999,0.050999999,0.46200001,0.71200001,0.226,"DEU",128.60001,121.9,121.8,105.6,0.296,81.300003,28.18,24.001806,43.799999,115.1,75.650002,"Germany",1,1,0.296,28.18,1,43.799999,0.087616004,56.9
"Greece",2012,5.0960002,10.251,0.81199998,70.160004,0.373,-0.31,0.95899999,0.54400003,0.352,"GRC",127.7,105,121,121.6,0.338,80.699997,27.955999,24.114151,73.099998,122.6,50.424999,"Greece",1,1,0.338,27.955999,1,73.099998,0.114244,48.4
"Greece",2013,4.7199998,10.233,0.68699998,70.239998,0.426,-0.27700001,0.94099998,0.57099998,0.48199999,"GRC",113.8,100.4,109.7,113.3,0.342,81.400002,26.143,23.168129,72.800003,116.1,48.474998,"Greece",1,1,0.34200001,26.143,1,72.800003,0.116964,40.5
"Greece",2014,4.756,10.245,0.83200002,70.32,0.36899999,-0.29300001,0.93000001,0.597,0.38499999,"GRC",105.3,100.7,104,104.6,0.339,81.5,26.121,22.128584,72.099998,106.3,49.224998,"Greece",1,1,0.33899999,26.121,1,72.099998,0.11492099,50.3
"Greece",2015,5.6230001,10.249,0.83499998,70.400002,0.53200001,-0.27700001,0.824,0.63700002,0.27700001,"GRC",100,100,100,100,0.34,81.099998,26.228001,21.570114,72.900002,100,50.700001,"Greece",1,1,0.34,26.228001,1,72.900002,0.1156,47.6
"Greece",2016,5.303,10.248,0.80299997,70.525002,0.48199999,-0.26499999,0.898,0.59399998,0.336,"GRC",97.599998,100.2,98.5,97.400002,0.333,81.5,26.572001,21.744669,72.400002,98.300003,51.775002,"Greece",1,1,0.333,26.572001,1,72.400002,0.110889,52.1
"Greece",2017,5.1479998,10.261,0.75300002,70.650002,0.43799999,-0.29499999,0.87199998,0.51599997,0.333,"GRC",96.599998,101.5,97.199997,95.199997,0.319,81.400002,25.698,20.698591,72,97,53.224998,"Greece",1,1,0.31900001,25.698,1,72,0.10176101,51.9
"Greece",2018,5.4089999,10.28,0.79400003,70.775002,0.56400001,-0.34,0.86000001,0.56400001,0.255,"GRC",98.400002,106.7,98.900002,92.199997,0.306,81.900002,25.528999,19.649744,72.300003,97.199997,54.525002,"Greece",1,1,0.30599999,25.528999,1,72.300003,0.093635999,51.6
"Greece",2019,5.9520001,10.3,0.89099997,70.900002,0.61400002,-0.29300001,0.84799999,0.56,0.236,"GRC",105.5,114.5,105.9,92.199997,0.312,81.699997,25.577999,19.157375,73.199997,98.099998,56.125,"Greece",1,1,0.31200001,25.577999,1,73.199997,0.097344004,52.4
"Hungary",2012,4.6830001,10.119,0.90600002,66.120003,0.56900001,-0.142,0.93000001,0.58200002,0.315,"HUN",87.099998,91,89.800003,95.800003,0.279,75.300003,22.478001,22.5972,89.199997,98.800003,58.625,"Hungary",1,1,0.27900001,22.478001,1,89.199997,0.077841006,45.8
"Hungary",2013,4.914,10.14,0.87699997,66.279999,0.67400002,-0.119,0.912,0.64700001,0.30700001,"HUN",84.900002,86.900002,86.300003,97.699997,0.286,75.800003,22.169001,21.470558,88.5,92.599998,60.125,"Hungary",1,1,0.28600001,22.169001,1,88.5,0.081796005,44.3
"Hungary",2014,5.1810002,10.184,0.84500003,66.440002,0.49399999,-0.156,0.85500002,0.57800001,0.23800001,"HUN",88.400002,90.300003,88.900002,98,0.281,76,21.322001,19.997786,87.300003,92.400002,63.650002,"Hungary",1,1,0.28099999,21.322001,1,87.300003,0.078960992,42.6
"Hungary",2015,5.3439999,10.223,0.85900003,66.599998,0.55800003,-0.204,0.90799999,0.64999998,0.245,"HUN",100,100,100,100,0.284,75.699997,20.349001,20.172186,83.5,100,65.849998,"Hungary",1,1,0.28400001,20.349001,1,83.5,0.080656007,40.4
"Hungary",2016,5.4489999,10.248,0.89999998,66.75,0.55400002,-0.193,0.92400002,0.58999997,0.243,"HUN",113.4,107.8,112.3,105.2,0.28,76.199997,20.17,20.213242,86,107,68.525002,"Hungary",1,1,0.28,20.17,1,86,0.078400001,43.1
"Hungary",2017,6.0650001,10.292,0.87699997,66.900002,0.66100001,-0.145,0.88599998,0.64399999,0.18099999,"HUN",127.2,117.4,122,108.4,0.289,76,19.434,20.087372,84.699997,109.3,70.175003,"Hungary",1,1,0.289,19.434,1,84.699997,0.083521001,41.6
"Hungary",2018,5.9359999,10.346,0.94099998,67.050003,0.69300002,-0.249,0.91100001,0.59500003,0.20100001,"HUN",145.5,127.7,134.8,113.9,0.28,76.199997,18.615999,20.245195,84.800003,111.5,71.400002,"Hungary",1,1,0.28,18.615999,1,84.800003,0.078400001,40.3
"Hungary",2019,6,10.393,0.94700003,67.199997,0.79799998,-0.20100001,0.884,0.653,0.18000001,"HUN",170.2,136.60001,151,124.6,0.286,76.5,17.636,20.64793,90.800003,117.1,72.224998,"Hungary",1,1,0.28600001,17.636,1,90.800003,0.081796005,38.4
"Iceland",2012,7.5910001,10.788,0.97899997,71.599998,0.90499997,0.235,0.759,0.81699997,0.15700001,"ISL",80.599998,95.699997,86.300003,84.199997,0.252,83,23.521,24.637342,71.900002,93.400002,79.675003,"Iceland",1,1,0.252,23.521,1,71.900002,0.063504003,37.3
"Iceland",2013,7.5009999,10.823,0.96700001,71.699997,0.92299998,0.29899999,0.713,0.80199999,0.156,"ISL",85.199997,94.199997,88,90.400002,0.24,82.099998,23.207001,24.534819,72.800003,94.199997,81.099998,"Iceland",1,1,0.23999999,23.207001,1,72.800003,0.057599999,37.7
"Iceland",2015,7.4980001,10.862,0.98000002,71.900002,0.94,0.294,0.639,0.79400003,0.18000001,"ISL",100,100,100,100,0.257,82.5,22.774,24.023449,72.800003,NA,84.724998,"Iceland",1,1,0.257,22.774,1,72.800003,0.066049002,38.3
"Iceland",2016,7.5100002,10.909,0.98500001,71.925003,0.95200002,0.27399999,0.71899998,0.80800003,0.15800001,"ISL",109.8,105.2,108.7,104.3,0.264,82.199997,22.785,22.980925,73.400002,NA,86.525002,"Iceland",1,1,0.264,22.785,1,73.400002,0.069696002,35.5
"Iceland",2017,7.4759998,10.927,0.96700001,71.949997,0.93900001,0.23999999,0.727,0.82300001,0.148,"ISL",131.2,121.1,131.10001,108.3,0.25,82.599998,24.122,22.925465,NA,NA,86.099998,"Iceland",1,1,0.25,24.122,0,0,0.0625,39.4
"Iceland",2019,7.533,10.943,0.98199999,72,0.95899999,NA,0.699,0.787,0.178,"ISL",148.3,123.2,137.8,120.4,NA,83.199997,25.57,23.42485,NA,NA,84.099998,"Iceland",0,1,0,25.57,0,0,0,43.1
"Ireland",2012,6.9650002,10.89,0.96200001,70.339996,0.90200001,0.29499999,0.57300001,0.72100002,0.237,"IRL",76,75.400002,79,100.8,0.31,80.900002,23.048,22.990093,69.5,79.300003,59.900002,"Ireland",1,1,0.31,23.048,1,69.5,0.096100003,54.2
"Ireland",2013,6.7600002,10.896,0.95499998,70.459999,0.884,0.32499999,0.55800003,0.74400002,0.245,"IRL",77,77,78.800003,100,0.312,81,21.812,23.179098,70.400002,81.199997,61.75,"Ireland",1,1,0.31200001,21.812,1,70.400002,0.097344004,53.7
"Ireland",2014,7.0180001,10.971,0.96799999,70.580002,0.92199999,0.257,0.40599999,0.736,0.229,"IRL",89.699997,90.400002,90.599998,99.300003,0.298,81.400002,20.091999,23.276594,69.400002,93.800003,63.125,"Ireland",1,1,0.29800001,20.091999,1,69.400002,0.088804007,53.5
"Ireland",2015,6.8299999,11.18,0.95300001,70.699997,0.89200002,0.226,0.40900001,0.74800003,0.22499999,"IRL",100,100,100,100,0.298,81.5,15.196,24.090488,70.900002,100,64.699997,"Ireland",1,1,0.29800001,15.196,1,70.900002,0.088804007,52.3
"Ireland",2016,7.0409999,11.189,0.958,70.800003,0.875,0.169,0.39899999,0.74400002,0.211,"IRL",107.5,104.7,106.6,102.7,0.309,81.699997,15.13,23.856428,72.699997,103.7,66.425003,"Ireland",1,1,0.30899999,15.13,1,72.699997,0.095480993,53.9
"Ireland",2017,7.0599999,11.264,0.94300002,70.900002,0.90499997,0.20999999,0.33700001,0.77100003,0.213,"IRL",119.2,111.8,116.9,106.6,0.295,82.199997,14.181,24.695566,71.599998,109.3,67.574997,"Ireland",1,1,0.29499999,14.181,1,71.599998,0.087024994,54.2
"Ireland",2018,6.9619999,11.334,0.93800002,71,0.861,0.138,0.36199999,0.75400001,0.213,"IRL",131.39999,118.1,127,111.3,0.292,82.199997,13.519,25.63793,71.5,117.3,68.474998,"Ireland",1,1,0.292,13.519,1,71.5,0.085263997,53.3
"Ireland",2019,7.2550001,11.373,0.94400001,71.099998,0.89200002,0.067000002,0.373,0.75800002,0.223,"IRL",134.39999,115.5,127.8,116.4,0.293,82.800003,12.868,25.763174,70.099998,113.8,69.449997,"Ireland",1,1,0.29300001,12.868,1,70.099998,0.085849009,53
"Israel",2012,7.1110001,10.487,0.903,71.559998,0.68099999,0.147,0.86199999,0.611,0.31900001,"ISR",81.400002,86.199997,83,94.5,0.371,81.800003,15.409,23.693052,NA,91.199997,66.5,"Israel",1,1,0.37099999,15.409,0,0,0.137641,37.7
"Israel",2013,7.3210001,10.512,0.90899998,71.639999,0.73900002,0.145,0.84899998,0.64899999,0.40900001,"ISR",88.800003,92,88.699997,96.599998,0.36,82.099998,15.456,23.767206,NA,94.5,67.058327,"Israel",1,1,0.36000001,15.456,0,0,0.1296,37.7
"Israel",2014,7.401,10.531,0.889,71.720001,0.70700002,0.088,0.81800002,0.56699997,0.271,"ISR",94.5,96,93.900002,98.400002,0.365,82.199997,15.451,24.14682,NA,96.900002,67.866669,"Israel",1,1,0.36500001,15.451,0,0,0.13322501,39.2
"Israel",2015,7.079,10.536,0.86400002,71.800003,0.75300002,0.103,0.78899997,0.65200001,0.25600001,"ISR",100,100,100,100,0.36,82.199997,15.475,24.495844,NA,100,68.316673,"Israel",1,1,0.36000001,15.475,0,0,0.1296,40.1
"Israel",2016,7.1589999,10.56,0.88999999,71.949997,0.77200001,0.147,0.80400002,0.602,0.26300001,"ISR",107.5,106.1,108.3,101.3,0.346,82.5,15.495,24.287422,NA,104.6,68.574997,"Israel",1,1,0.34599999,15.495,0,0,0.11971599,39.7
"Israel",2017,7.3309999,10.583,0.91600001,72.099998,0.76800001,0.138,0.79299998,0.62099999,0.27599999,"ISR",111.6,108.6,112.4,102.9,0.344,82.699997,16.131001,24.53068,NA,NA,69.025002,"Israel",1,1,0.34400001,16.131001,0,0,0.11833601,40.9
"Israel",2018,6.927,10.603,0.91000003,72.25,0.72500002,0.048,0.76999998,0.61199999,0.28200001,"ISR",110.7,106.1,110.7,104.4,0.348,82.900002,16.141001,24.711958,NA,NA,69.033333,"Israel",1,1,0.34799999,16.141001,0,0,0.12110399,40.1
"Israel",2019,7.3319998,10.625,0.94599998,72.400002,0.83399999,0.078000002,0.74299997,0.59799999,0.266,"ISR",112.8,106.5,112,105.9,0.342,82.900002,16.346001,24.937626,NA,NA,68.941673,"Israel",1,1,0.34200001,16.346001,0,0,0.116964,41.2
"Italy",2012,5.8390002,10.633,0.86900002,71.300003,0.56999999,0.107,0.90799999,0.65100002,0.38800001,"ITA",116.7,118,118.4,98.900002,0.33,82.400002,28.482,23.086292,73.300003,119.4,56.075001,"Italy",1,1,0.33000001,28.482,1,73.300003,0.10890001,53.9
"Italy",2013,6.0089998,10.603,0.91600001,71.400002,0.49900001,-0.108,0.94300002,0.70200002,0.35699999,"ITA",109.1,108.9,109.5,100.2,0.325,82.900002,29.006001,23.705685,72,111.6,54.950001,"Italy",1,1,0.32499999,29.006001,1,72,0.10562499,54.7
"Italy",2014,6.027,10.594,0.898,71.5,0.62400001,-0.071000002,0.92000002,0.65899998,0.35600001,"ITA",104,104.1,104.1,99.900002,0.326,83.199997,29.195999,23.354218,71.800003,105.5,55.275002,"Italy",1,1,0.32600001,29.195999,1,71.800003,0.10627601,55.3
"Italy",2015,5.848,10.603,0.90899998,71.599998,0.57499999,-0.07,0.91299999,0.64600003,0.329,"ITA",100,100,100,100,0.333,82.699997,29.357,23.221367,72.099998,100,56.025002,"Italy",1,1,0.333,29.357,1,72.099998,0.110889,56.3
"Italy",2016,5.9549999,10.617,0.92699999,71.675003,0.62400001,-0.086000003,0.903,0.63200003,0.33899999,"ITA",100.3,99.900002,99.699997,100.3,0.327,83.400002,28.908001,22.901302,71.199997,98.699997,57.049999,"Italy",1,1,0.32699999,28.908001,1,71.199997,0.106929,56.9
"Italy",2017,6.1989999,10.635,0.92000002,71.75,0.63300002,-0.041000001,0.86699998,0.61299998,0.32300001,"ITA",99.199997,98.699997,97.300003,100.5,0.334,83.099998,28.621,22.60346,71.5,95.400002,57.875,"Italy",1,1,0.33399999,28.621,1,71.5,0.11155599,56.7
"Italy",2018,6.5170002,10.647,0.91299999,71.824997,0.64999998,-0.027000001,0.88800001,0.59799999,0.403,"ITA",98.599998,97.800003,95.5,100.9,0.33,83.400002,28.471001,22.49172,71.300003,93.300003,58.5,"Italy",1,1,0.33000001,28.471001,1,71.300003,0.10890001,56.9
"Italy",2019,6.4450002,10.663,0.838,71.900002,0.70899999,-0.088,0.866,0.56900001,0.32800001,"ITA",98.5,97.400002,94.599998,101.2,0.325,83.599998,28.700001,22.463226,71.599998,92.300003,59.049999,"Italy",1,1,0.32499999,28.700001,1,71.599998,0.10562499,57.2
"Japan",2012,5.9679999,10.565,0.90499997,73.239998,0.75300002,NA,0.69199997,0.708,0.171,"JPN",94.599998,93.5,96.900002,101.1,NA,83.199997,22.384001,26.682379,NA,96.400002,70.618584,"Japan",0,1,0,22.384001,0,0,0,54.1
"Japan",2013,5.9590001,10.586,0.92400002,73.360001,0.82099998,-0.154,0.64999998,0.71899998,0.175,"JPN",96.099998,95.5,98.699997,100.7,NA,83.400002,22.370001,26.178228,NA,97.699997,71.758499,"Japan",0,1,0,22.370001,0,0,0,54.1
"Japan",2014,5.9229999,10.59,0.89999998,73.480003,0.838,-0.146,0.61699998,0.68699998,0.189,"JPN",97.599998,97.400002,98.199997,100.3,NA,83.699997,22.104,25.921696,NA,99.099998,72.760696,"Japan",0,1,0,22.104,0,0,0,54.3
"Japan",2015,5.8800001,10.607,0.92299998,73.599998,0.83200002,-0.162,0.65399998,0.70200002,0.176,"JPN",100,100,100,100,NA,83.900002,22.389999,25.324617,NA,100,73.397102,"Japan",0,1,0,22.389999,0,0,0,56.5
"Japan",2016,5.9549999,10.615,0.89999998,73.724998,0.83600003,-0.068999998,0.69800001,0.69,0.192,"JPN",102.2,102.5,102.6,99.699997,NA,84.099998,22.365999,25.102879,NA,101,74.522774,"Japan",0,1,0,22.365999,0,0,0,56.9
"Japan",2017,5.9109998,10.632,0.88200003,73.849998,0.84899998,-0.213,0.65899998,0.69199997,0.176,"JPN",104.8,105.4,104.8,99.400002,NA,84.199997,22.43,24.944876,NA,102.4,75.500687,"Japan",0,1,0,22.43,0,0,0,57.8
"Japan",2018,5.7940001,10.64,0.88599998,73.974998,0.773,-0.26800001,0.68699998,0.64899999,0.185,"JPN",106.8,107.6,106.1,99.300003,0.334,84.300003,22.534,24.727076,NA,103.1,77.1633,"Japan",1,1,0.33399999,22.534,0,0,0.11155599,57.8
"Japan",2019,5.908,10.637,0.87800002,74.099998,0.80599999,-0.26100001,0.61699998,0.69300002,0.19400001,"JPN",108.6,109.3,107.3,99.300003,NA,84.400002,23.107,24.649378,NA,102.9,78.114212,"Japan",0,1,0,23.107,0,0,0,56.2
"Latvia",2012,5.125,10.085,0.85100001,64.900002,0.56400001,-0.044,0.89499998,0.588,0.23199999,"LVA",91.400002,102.1,92.400002,89.5,0.346,74.099998,15.322,22.761055,79.900002,106.8,62.775002,"Latvia",1,1,0.34599999,15.322,1,79.900002,0.11971599,39.5
"Latvia",2013,5.0700002,10.115,0.83399999,65.199997,0.63099998,-0.079000004,0.83700001,0.60500002,0.227,"LVA",97.599998,103.2,98.5,94.599998,0.351,74.300003,15.54,21.523216,79.900002,109.8,64.849998,"Latvia",1,1,0.35100001,15.54,1,79.900002,0.12320101,40.3
"Latvia",2014,5.7290001,10.143,0.88099998,65.5,0.671,-0.048999999,0.80400002,0.60500002,0.226,"LVA",103.5,104.2,103.6,99.300003,0.349,74.5,15.377,22.091421,79.800003,110.2,66.125,"Latvia",1,1,0.34900001,15.377,1,79.800003,0.121801,39.5
"Latvia",2015,5.881,10.19,0.87900001,65.800003,0.65600002,-0.083999999,0.80800003,0.55900002,0.228,"LVA",100,100,100,100,0.346,74.800003,15.712,21.276258,78.400002,100,68.050003,"Latvia",1,1,0.34599999,15.712,1,78.400002,0.11971599,40.7
"Latvia",2016,5.9400001,10.222,0.917,65.900002,0.685,-0.163,0.86799997,0.583,0.23100001,"LVA",108.5,110,107.7,98.599998,0.346,74.900002,15.973,21.211597,79.5,102.1,68.574997,"Latvia",1,1,0.34599999,15.973,1,79.5,0.11971599,42.6
"Latvia",2017,5.9780002,10.264,0.89499998,66,0.69999999,-0.161,0.79799998,0.565,0.23199999,"LVA",118,120.1,113.9,98.300003,0.355,74.900002,15.812,20.846832,79.300003,103.1,69.974998,"Latvia",1,1,0.35499999,15.812,1,79.300003,0.12602499,40.9
"Latvia",2018,5.901,10.311,0.91299999,66.099998,0.60799998,-0.21799999,0.79900002,0.52100003,0.192,"LVA",129.3,126.3,121.6,102.4,0.351,75.099998,16.142,20.801981,79.800003,104.4,71.724998,"Latvia",1,1,0.35100001,16.142,1,79.800003,0.12320101,41
"Latvia",2019,5.9699998,10.343,0.93599999,66.199997,0.69800001,-0.2,0.78899997,0.537,0.212,"LVA",140.89999,131.5,128.2,107.1,0.344,75.699997,16.523001,21.103004,78,107.6,72.224998,"Latvia",1,1,0.34400001,16.523001,1,78,0.11833601,43.3
"Lithuania",2012,5.7709999,10.216,0.91900003,64.699997,0.50300002,-0.27900001,0.95700002,0.55699998,0.27700001,"LTU",89.599998,125.6,89.5,71.199997,0.35,74.099998,16.475,16.691998,91.800003,100.2,62.025002,"Lithuania",1,1,0.34999999,16.475,1,91.800003,0.12249999,45.1
"Lithuania",2013,5.5960002,10.261,0.91299999,64.900002,0.55599999,-0.242,0.93599999,0.54000002,0.294,"LTU",90.599998,119.4,89.699997,75.800003,0.351,74.099998,15.457,16.598103,91.199997,96.099998,63.724998,"Lithuania",1,1,0.35100001,15.457,1,91.199997,0.12320101,43.1
"Lithuania",2014,6.1259999,10.304,0.90799999,65.099998,0.50800002,-0.26899999,0.95599997,0.565,0.287,"LTU",96.5,113.7,95.5,84.699997,0.38,74.699997,15.621,16.515539,89.900002,100.3,65.650002,"Lithuania",1,1,0.38,15.621,1,89.900002,0.1444,44.6
"Lithuania",2015,5.711,10.334,0.92900002,65.300003,0.64099997,-0.259,0.92400002,0.53399998,0.27599999,"LTU",100,100,100,100,0.372,74.599998,16.030001,15.655725,89.699997,100,67.25,"Lithuania",1,1,0.37200001,16.030001,1,89.699997,0.138384,44.9
"Lithuania",2016,5.8660002,10.371,0.93800002,65.650002,0.61400002,-0.27200001,0.949,0.55299997,0.25,"LTU",105.4,95.199997,104.2,110.4,0.378,74.900002,15.829,15.626058,89.900002,96.800003,69.375,"Lithuania",1,1,0.37799999,15.829,1,89.900002,0.14288399,45.5
"Lithuania",2017,6.2729998,10.427,0.926,66,0.74900001,-0.17900001,0.79000002,0.58999997,0.19499999,"LTU",114.8,103.3,109.4,110.8,0.374,75.800003,15.571,15.016154,89,99.699997,70.375,"Lithuania",1,1,0.37400001,15.571,1,89,0.13987601,46.1
"Lithuania",2018,6.309,10.476,0.92900002,66.349998,0.699,-0.243,0.852,0.51800001,0.214,"LTU",123.2,104.8,114.4,117.2,0.361,76,16.645,15.042253,89.199997,99.699997,72.400002,"Lithuania",1,1,0.361,16.645,1,89.199997,0.130321,48.2
"Lithuania",2019,6.0640001,10.524,0.91799998,66.699997,0.77999997,-0.25799999,0.78299999,0.56800002,0.27599999,"LTU",131.60001,104,119.7,126.2,0.357,76.5,17.275,14.881729,90.300003,96.5,72.974998,"Lithuania",1,1,0.35699999,17.275,1,90.300003,0.12744899,48.9
"Luxembourg",2012,6.9640002,11.627,0.91399997,70.900002,0.917,0.048,0.403,0.72600001,0.227,"LUX",86.599998,90.099998,89.300003,96.099998,NA,81.5,21.528999,22.355837,67.400002,90.199997,65.849998,"Luxembourg",0,1,0,21.528999,1,67.400002,0,49.6
"Luxembourg",2013,7.131,11.636,0.917,71.099998,0.79000002,-0.064999998,0.301,0.60100001,0.185,"LUX",90.900002,93.300003,92.300003,97.400002,NA,81.900002,21.712999,23.199581,69,91.5,65.724998,"Luxembourg",0,1,0,21.712999,1,69,0,50.7
"Luxembourg",2014,6.8909998,11.638,0.875,71.300003,0.93800002,0.097000003,0.366,0.75999999,0.17,"LUX",94.900002,96.5,95.699997,98.400002,NA,82.300003,21.601999,23.519941,69,94.599998,66.625,"Luxembourg",0,1,0,21.601999,1,69,0,51.3
"Luxembourg",2015,6.7020001,11.637,0.93400002,71.5,0.93199998,0.044,0.375,0.72799999,0.193,"LUX",100,100,100,100,0.306,82.400002,21.351,23.777891,70,100,66.150002,"Luxembourg",1,1,0.30599999,21.351,1,70,0.093635999,50.9
"Luxembourg",2016,6.967,11.664,0.94099998,71.525002,0.88200003,0.011,0.35600001,0.70599997,0.192,"LUX",106,105.1,105.2,100.9,0.305,82.699997,21.066,23.546751,70.300003,106,65.574997,"Luxembourg",1,1,0.30500001,21.066,1,70.300003,0.093025006,50.6
"Luxembourg",2017,7.0609999,11.653,0.90499997,71.550003,0.903,0.035999998,0.33000001,0.72600001,0.184,"LUX",112,109.7,108.7,102,0.327,82.099998,21.521999,23.215797,70.699997,106.9,66.275002,"Luxembourg",1,1,0.32699999,21.521999,1,70.699997,0.106929,50.1
"Luxembourg",2018,7.243,11.645,0.90200001,71.574997,0.884,-0.028000001,0.38499999,0.71499997,0.20200001,"LUX",119.9,116,114.3,103.3,0.318,82.300003,21.926001,22.689556,67.800003,111.9,67.099998,"Luxembourg",1,1,0.31799999,21.926001,1,67.800003,0.101124,49.7
"Luxembourg",2019,7.4039998,11.649,0.912,71.599998,0.93000001,-0.050999999,0.38999999,0.74199998,0.212,"LUX",132,126,124.2,104.7,0.305,82.699997,22.507999,22.218657,66.800003,119,67.949997,"Luxembourg",1,1,0.30500001,22.507999,1,66.800003,0.093025006,50.2
"Mexico",2012,7.3200002,9.8439999,0.76700002,65.379997,0.78799999,-0.098999999,0.63300002,0.722,0.278,"MEX",84.400002,89.800003,91.400002,94,0.457,74.900002,7.2280002,17.388086,68.5,NA,60.908909,"Mexico",1,1,0.45699999,7.2280002,1,68.5,0.20884898,25.3
"Mexico",2013,7.4429998,9.8439999,0.759,65.519997,0.73900002,-0.171,0.61500001,0.75,0.223,"MEX",88.699997,92.400002,93.900002,96,NA,75.199997,7.5650001,16.996328,NA,NA,60.842201,"Mexico",0,1,0,7.5650001,0,0,0,26.6
"Mexico",2014,6.6799998,9.8599997,0.78200001,65.660004,0.77899998,-0.101,0.63,0.75999999,0.229,"MEX",92.5,94.400002,93.199997,98,0.459,75.099998,7.552,17.048761,71.699997,NA,60.408051,"Mexico",1,1,0.45899999,7.552,1,71.699997,0.21068099,26.9
"Mexico",2015,6.2360001,9.8800001,0.76099998,65.800003,0.71899998,-0.15800001,0.708,0.70599997,0.237,"MEX",100,100,100,100,NA,75.099998,7.658,16.004519,NA,NA,60.745152,"Mexico",0,1,0,7.658,0,0,0,27.2
"Mexico",2016,6.8239999,9.8950005,0.89300001,65.800003,0.75199997,-0.16,0.80900002,0.80199999,0.22,"MEX",107.3,105,101.6,102.2,0.459,74.800003,7.487,16.27149,68.900002,NA,61.047169,"Mexico",1,1,0.45899999,7.487,1,68.900002,0.21068099,28.1
"Mexico",2017,6.4099998,9.9049997,0.80000001,65.800003,0.861,-0.208,0.801,0.77499998,0.23100001,"MEX",115.7,110.5,103.7,104.7,NA,74.800003,7.4070001,16.892448,NA,NA,61.194061,"Mexico",0,1,0,7.4070001,0,0,0,28.4
"Mexico",2018,6.5500002,9.9169998,0.85799998,65.800003,0.81599998,-0.186,0.80900002,0.815,0.213,"MEX",126,117.3,108.1,107.4,0.418,74.900002,7.105,16.884218,68.300003,NA,61.59449,"Mexico",1,1,0.41800001,7.105,1,68.300003,0.17472401,25.9
"Mexico",2019,6.4320002,9.9069996,0.852,65.800003,0.903,-0.148,0.80900002,0.80299997,0.252,"MEX",136.7,123.9,114.5,110.4,NA,74.800003,7.355,16.525597,NA,NA,62.263489,"Mexico",0,1,0,7.355,0,0,0,27.2
"Netherlands",2012,7.4710002,10.856,0.93900001,70.980003,0.87699997,0.28200001,0.43399999,0.75300002,0.226,"NLD",101.9,114.1,104.9,89.300003,0.293,81.199997,23.877001,23.436363,56.599998,106.6,75.900002,"Netherlands",1,1,0.29300001,23.877001,1,56.599998,0.085849009,38.1
"Netherlands",2013,7.4070001,10.852,0.92500001,71.019997,0.91900003,0.29899999,0.505,0.76499999,0.235,"NLD",95.800003,103.4,96.699997,92.699997,0.287,81.400002,24.07,24.196527,56.400002,99.400002,75.099998,"Netherlands",1,1,0.287,24.07,1,56.400002,0.082369,38.7
"Netherlands",2014,7.3210001,10.863,0.90899998,71.059998,0.91000003,0.32600001,0.45699999,0.77600002,0.221,"NLD",96.599998,99.800003,96.699997,96.800003,0.305,81.800003,23.85,24.247944,56.5,98,74.650002,"Netherlands",1,1,0.30500001,23.85,1,56.5,0.093025006,38.9
"Netherlands",2015,7.3239999,10.878,0.87900001,71.099998,0.90399998,0.25600001,0.412,0.74199998,0.20200001,"NLD",100,100,100,100,0.305,81.599998,23.955,24.449423,56.5,100,75.650002,"Netherlands",1,1,0.30500001,23.955,1,56.5,0.093025006,39.2
"Netherlands",2016,7.5409999,10.894,0.926,71.175003,0.90700001,0.233,0.433,0.73699999,0.215,"NLD",105.3,103.1,104.6,102.1,0.292,81.699997,23.813999,24.359343,58.200001,102.9,76.375,"Netherlands",1,1,0.292,23.813999,1,58.200001,0.085263997,40
"Netherlands",2017,7.4590001,10.917,0.93699998,71.25,0.92000002,0.245,0.36300001,0.72899997,0.185,"NLD",113.8,109.5,110.8,103.9,0.298,81.800003,23.25,24.027481,58.200001,109.3,77.375,"Netherlands",1,1,0.29800001,23.25,1,58.200001,0.088804007,39.2
"Netherlands",2018,7.4629998,10.934,0.93900001,71.324997,0.92000002,0.156,0.37099999,0.74800003,0.205,"NLD",124.4,117.4,118.7,106,0.295,81.900002,22.875999,24.073793,57.700001,114.5,78.699997,"Netherlands",1,1,0.29499999,22.875999,1,57.700001,0.087024994,38.6
"Netherlands",2019,7.4250002,10.947,0.94099998,71.400002,0.88599998,0.207,0.36000001,0.72799999,0.23100001,"NLD",133.39999,122.9,124.4,108.6,0.312,82.199997,22.884001,24.266043,58.099998,117.7,79.699997,"Netherlands",1,1,0.31200001,22.884001,1,58.099998,0.097344004,38.7
"New Zealand",2012,7.25,10.565,0.93000001,69.839996,0.90200001,0.28,0.289,0.78600001,0.207,"NZL",76.699997,81.900002,78.599998,93.699997,0.335,81.199997,22.790001,25.558235,NA,81.5,71.857773,"New Zealand",1,1,0.33500001,22.790001,0,0,0.112225,53.8
"New Zealand",2013,7.2800002,10.585,0.958,69.860001,0.94400001,0.23,0.31200001,0.778,0.15099999,"NZL",83.5,87.300003,84.900002,95.699997,0.341,81.400002,21.26,25.533373,NA,86.699997,72.72184,"New Zealand",1,1,0.34099999,21.26,0,0,0.116281,52.6
"New Zealand",2014,7.3060002,10.605,0.94199997,69.879997,0.93199998,0.34099999,0.273,0.80699998,0.199,"NZL",89,91,89.699997,97.699997,0.341,81.400002,21.129,25.48674,NA,92.599998,74.173126,"New Zealand",1,1,0.34099999,21.129,0,0,0.116281,52.8
"New Zealand",2015,7.4180002,10.622,0.98699999,69.900002,0.94199997,0.322,0.186,0.79500002,0.16,"NZL",100,100,100,100,0.325,81.5,20.040001,25.140055,NA,100,74.249672,"New Zealand",1,1,0.32499999,20.040001,0,0,0.10562499,51.4
"New Zealand",2016,7.2259998,10.637,0.93699998,69.974998,0.92699999,0.259,0.278,0.77700001,0.207,"NZL",114.2,111.7,113.4,102.2,0.333,81.599998,19.65,24.784075,NA,108.8,75.577507,"New Zealand",1,1,0.333,19.65,0,0,0.110889,50.3
"New Zealand",2017,7.3270001,10.65,0.95499998,70.050003,0.94199997,0.287,0.222,0.76300001,0.17200001,"NZL",121.6,116.4,118.9,104.5,0.335,81.699997,18.652,24.820717,NA,111.6,76.916023,"New Zealand",1,1,0.33500001,18.652,0,0,0.112225,49.1
"New Zealand",2018,7.3699999,10.667,0.954,70.125,0.949,0.113,0.207,0.78500003,0.168,"NZL",126,117.8,121.6,106.9,0.33,81.699997,19.455,24.903677,NA,110.3,77.495483,"New Zealand",1,1,0.33000001,19.455,0,0,0.10890001,50.6
"New Zealand",2019,7.2049999,10.675,0.93900001,70.199997,0.912,0.15000001,0.234,0.76499999,0.191,"NZL",129.89999,118.3,123.5,109.8,0.326,82.099998,23.642,25.354048,63.900002,108.4,77.461327,"New Zealand",1,1,0.32600001,23.642,1,63.900002,0.10627601,58.2
"Norway",2012,7.678,11.041,0.94800001,70.599998,0.94700003,0.139,0.368,0.79799998,0.213,"NOR",88.199997,96,94.199997,91.900002,0.253,81.5,22.643999,21.167889,77.400002,102.1,75.75,"Norway",1,1,0.25299999,22.643999,1,77.400002,0.064008996,49.6
"Norway",2014,7.4439998,11.048,0.94099998,71,0.95599997,0.17299999,0.405,0.80199999,0.19400001,"NOR",94.300003,96.900002,96.400002,97.300003,0.257,82.199997,24.059999,21.855932,76.400002,100.5,75.224998,"Norway",1,1,0.257,24.059999,1,76.400002,0.066049002,49.4
"Norway",2015,7.6030002,11.057,0.94700003,71.199997,0.94800001,0.249,0.29899999,0.796,0.20900001,"NOR",100,100,100,100,0.272,82.400002,25.952,22.375015,74.199997,100,74.800003,"Norway",1,1,0.27200001,25.952,1,74.199997,0.073984005,50.1
"Norway",2016,7.5960002,11.06,0.95999998,71.25,0.954,0.125,0.41,0.80900002,0.20900001,"NOR",107,105,103.8,101.9,0.262,82.5,27.25,22.459597,74.400002,106.4,74.300003,"Norway",1,1,0.26199999,27.25,1,74.400002,0.068643995,50.3
"Norway",2017,7.579,11.076,0.94999999,71.300003,0.95300001,0.228,0.25,0.80000001,0.20299999,"NOR",112.4,107.9,106.9,104.1,0.262,82.699997,26.406,22.408859,72.5,108.3,74,"Norway",1,1,0.26199999,26.406,1,72.5,0.068643995,49.8
"Norway",2018,7.4439998,11.077,0.96600002,71.349998,0.95999998,0.086000003,0.26800001,0.78600001,0.212,"NOR",114,107.6,105.9,105.9,0.262,82.800003,25.431,22.84552,72.699997,107,74.800003,"Norway",1,1,0.26199999,25.431,1,72.699997,0.068643995,49.6
"Norway",2019,7.4419999,11.082,0.94199997,71.400002,0.954,0.103,0.271,0.78200001,0.19499999,"NOR",116.8,108.3,106.1,107.8,0.261,83,26.535,22.956568,72.400002,105.8,75.300003,"Norway",1,1,0.26100001,26.535,1,72.400002,0.068121001,49
"Poland",2012,5.8759999,10.137,0.93599999,67.459999,0.81099999,-0.032000002,0.88800001,0.71100003,0.26699999,"POL",101.9,105.9,101.6,96.199997,0.298,76.900002,19.856001,20.520836,80.199997,111.3,58,"Poland",1,1,0.29800001,19.856001,1,80.199997,0.088804007,46
"Poland",2013,5.7459998,10.146,0.912,67.639999,0.77600002,-0.142,0.91600001,0.67500001,0.242,"POL",97.400002,99.800003,96.699997,97.599998,0.299,77.099998,20.629999,20.061728,81.300003,105.2,58.424999,"Poland",1,1,0.29899999,20.629999,1,81.300003,0.089400999,47.9
"Poland",2014,5.75,10.184,0.92400002,67.82,0.875,-0.068999998,0.898,0.68099999,0.223,"POL",98.5,99.800003,98,98.699997,0.297,77.800003,20.313,19.931118,81.099998,100.9,60.200001,"Poland",1,1,0.29699999,20.313,1,81.099998,0.088208996,47.6
"Poland",2015,6.007,10.228,0.89300001,68,0.79299998,-0.097999997,0.81,0.63099998,0.23999999,"POL",100,100,100,100,0.291,77.5,20.245001,20.169247,80.900002,100,61.599998,"Poland",1,1,0.29100001,20.245001,1,80.900002,0.084681004,48.5
"Poland",2016,6.1620002,10.258,0.917,68.175003,0.87099999,-0.096000001,0.84799999,0.66600001,0.22400001,"POL",101.9,100.5,102.6,101.3,0.285,78,21.216999,19.19463,80.599998,96.800003,63.450001,"Poland",1,1,0.285,21.216999,1,80.599998,0.081225,51.5
"Poland",2017,6.2010002,10.308,0.88200003,68.349998,0.83099997,-0.127,0.639,0.56599998,0.20299999,"POL",105.8,101.4,104.5,104.3,0.275,77.800003,20.816,18.337126,80.699997,95.300003,65.25,"Poland",1,1,0.27500001,20.816,1,80.699997,0.075625002,50.4
"Poland",2018,6.1110001,10.365,0.86299998,68.525002,0.87,-0.25999999,0.72000003,0.62199998,0.176,"POL",112.8,104,109.8,108.4,0.281,77.699997,20.537001,17.777687,81,96.099998,66.675003,"Poland",1,1,0.28099999,20.537001,1,81,0.078960992,49.4
"Poland",2019,6.2420001,10.409,0.87800002,68.699997,0.88300002,-0.237,0.69599998,0.61299998,0.168,"POL",122.6,107.8,116.7,113.7,0.268,78,21.212999,17.972033,81,97.800003,68.474998,"Poland",1,1,0.26800001,21.212999,1,81,0.071824007,50.7
"Portugal",2012,4.994,10.314,0.866,69.779999,0.77399999,-0.103,0.95899999,0.63099998,0.37,"PRT",94.900002,101.4,96.699997,93.599998,0.337,80.599998,24.584999,18.459711,73.300003,98.199997,59.325001,"Portugal",1,1,0.33700001,24.584999,1,73.300003,0.11356901,49.8
"Portugal",2013,5.158,10.31,0.86699998,70.019997,0.78799999,-0.124,0.94599998,0.66500002,0.34799999,"PRT",93.099998,98.300003,94,94.699997,0.341,80.900002,25.688,18.872261,73.099998,96.699997,58.825001,"Portugal",1,1,0.34099999,25.688,1,73.099998,0.116281,50.9
"Portugal",2014,5.1269999,10.324,0.86199999,70.260002,0.847,-0.132,0.94099998,0.66299999,0.35800001,"PRT",97,98.099998,97.800003,98.900002,0.338,81.300003,25.233,19.075008,73.900002,100.8,61.200001,"Portugal",1,1,0.338,25.233,1,73.900002,0.114244,48.3
"Portugal",2015,5.0809999,10.346,0.866,70.5,0.80000001,-0.169,0.94099998,0.62900001,0.37099999,"PRT",100,100,100,100,0.336,81.300003,24.167999,18.75346,73.099998,100,62.799999,"Portugal",1,1,0.336,24.167999,1,73.099998,0.112896,49.6
"Portugal",2016,5.447,10.369,0.90499997,70.625,0.838,-0.23100001,0.92199999,0.65899998,0.32600001,"PRT",107.1,105.3,106,101.7,0.331,81.300003,23.691999,18.322594,73.400002,103.2,64.224998,"Portugal",1,1,0.331,23.691999,1,73.400002,0.109561,52.3
"Portugal",2017,5.711,10.406,0.89999998,70.75,0.90499997,-0.182,0.88099998,0.60799998,0.294,"PRT",117,113.9,113.9,102.7,0.32,81.599998,22.951,17.674004,72.800003,109.5,66.949997,"Portugal",1,1,0.31999999,22.951,1,72.800003,0.1024,50.1
"Portugal",2018,5.9200001,10.435,0.88700002,70.875,0.87699997,-0.26699999,0.88,0.64600003,0.31799999,"PRT",129,123.3,123.6,104.7,0.317,81.5,22.669001,17.438999,72.5,116.2,69.025002,"Portugal",1,1,0.317,22.669001,1,72.5,0.100489,51.9
"Portugal",2019,6.0949998,10.462,0.87599999,71,0.88200003,-0.23999999,0.91500002,0.67500001,0.30000001,"PRT",141.89999,131.39999,134.7,108,0.31,81.900002,22.552999,17.348433,71.900002,122.6,69.849998,"Portugal",1,1,0.31,22.552999,1,71.900002,0.096100003,52.6
"Slovakia",2012,5.9109998,10.188,0.926,66.940002,0.62,-0.032000002,0.90700001,0.58499998,0.30199999,"SVK",92.900002,93.199997,93.900002,99.699997,0.251,76.300003,17.481001,30.197645,90.199997,100.1,61.375,"Slovakia",1,1,0.25099999,17.481001,1,90.199997,0.063000992,NA
"Slovakia",2013,5.9369998,10.193,0.90899998,67.160004,0.59799999,-0.055,0.91500002,0.61199999,0.27700001,"SVK",93.699997,93.699997,93.5,100,0.27,76.599998,17.796,30.095474,90.599998,100.7,61.575001,"Slovakia",1,1,0.27000001,17.796,1,90.599998,0.072900005,NA
"Slovakia",2014,6.1389999,10.219,0.92400002,67.379997,0.63499999,-0.13,0.91399997,0.61900002,0.26699999,"SVK",95,95,94.900002,100,0.247,77,17.889999,30.740376,90.099998,99.900002,62.700001,"Slovakia",1,1,0.24699999,17.889999,1,90.099998,0.061008997,NA
"Slovakia",2015,6.1620002,10.268,0.94300002,67.599998,0.58700001,-0.132,0.92799997,0.63200003,0.26899999,"SVK",100,100,100,100,0.25,76.699997,17.370001,29.811743,89.099998,100,64.525002,"Slovakia",1,1,0.25,17.370001,1,89.099998,0.0625,NA
"Slovakia",2016,5.993,10.286,0.94499999,67.824997,0.69999999,-0.064999998,0.917,0.68800002,0.23199999,"SVK",106.7,106.4,106.9,100.2,0.241,77.300003,17.740999,29.586628,89,103.5,66.699997,"Slovakia",1,1,0.241,17.740999,1,89,0.058080997,NA
"Slovakia",2017,6.3660002,10.314,0.91299999,68.050003,0.71399999,-0.059,0.92000002,0.70899999,0.213,"SVK",112.9,112.3,112.1,100.6,0.22,77.300003,17.624001,28.475328,89.599998,104.6,68.074997,"Slovakia",1,1,0.22,17.624001,1,89.599998,0.0484,NA
"Slovakia",2018,6.2350001,10.352,0.92199999,68.275002,0.75800002,-0.17200001,0.91000003,0.67000002,0.25299999,"SVK",121.3,120.3,118.2,100.8,0.236,77.400002,17.278999,28.09317,90.300003,102.8,69.550003,"Slovakia",1,1,0.236,17.278999,1,90.300003,0.055695999,NA
"Slovakia",2019,6.243,10.375,0.93300003,68.5,0.77100003,-0.133,0.926,0.676,0.252,"SVK",132.39999,130.5,126,101.4,0.222,77.800003,17.552,28.685749,90.300003,107.3,70.425003,"Slovakia",1,1,0.222,17.552,1,90.300003,0.049284,NA
"Slovenia",2012,6.0630002,10.392,0.92500001,69.519997,0.90399998,-0.025,0.89099997,0.59799999,0.28400001,"SVN",112.1,112.3,112.6,99.800003,0.249,80.300003,23.473,19.629826,74.5,114.7,63.575001,"Slovenia",1,1,0.249,23.473,1,74.5,0.062000997,47.6
"Slovenia",2013,5.9749999,10.381,0.93199998,69.68,0.88999999,0.029999999,0.91799998,0.625,0.27399999,"SVN",106.2,107.5,105.3,98.800003,0.254,80.5,23.802,20.432394,75.300003,108.9,62.775002,"Slovenia",1,1,0.25400001,23.802,1,75.300003,0.064516,39.5
"Slovenia",2014,5.678,10.407,0.90799999,69.839996,0.88800001,0.046999998,0.90899998,0.59399998,0.29100001,"SVN",99.199997,101.2,98.400002,98.099998,0.251,81.199997,23.089001,19.72892,75.599998,100.8,63.400002,"Slovenia",1,1,0.25099999,23.089001,1,75.599998,0.063000992,45.4
"Slovenia",2015,5.7410002,10.428,0.90100002,70,0.89600003,0.0020000001,0.89200002,0.64399999,0.26100001,"SVN",100,100,100,100,0.25,80.900002,22.65,19.78458,75.099998,100,64.650002,"Slovenia",1,1,0.25,22.65,1,75.099998,0.0625,46.5
"Slovenia",2016,5.9369998,10.459,0.93400002,70.175003,0.90399998,-0.059999999,0.838,0.597,0.27200001,"SVN",103.3,101.6,103.7,101.6,0.244,81.199997,22.246,19.703632,73.800003,98.800003,65.324997,"Slovenia",1,1,0.244,22.246,1,73.800003,0.059536003,48.2
"Slovenia",2017,6.1669998,10.505,0.92799997,70.349998,0.921,-0.030999999,0.829,0.58200002,0.28600001,"SVN",111.8,104.5,110.6,107,0.243,81.199997,21.485001,19.315779,74.5,102,68.724998,"Slovenia",1,1,0.243,21.485001,1,74.5,0.059048999,48.8
"Slovenia",2018,6.2490001,10.545,0.94099998,70.525002,0.94199997,-0.125,0.83899999,0.60100001,0.27500001,"SVN",121.5,107,117.9,113.6,0.249,81.5,21.325001,18.919928,74.400002,104.5,70.550003,"Slovenia",1,1,0.249,21.325001,1,74.400002,0.062000997,49
"Slovenia",2019,6.665,10.572,0.949,70.699997,0.94499999,-0.108,0.78500003,0.62199998,0.228,"SVN",129.7,109.5,124,118.4,0.246,81.599998,21.472,18.266716,74.300003,105.7,71.275002,"Slovenia",1,1,0.24600001,21.472,1,74.300003,0.060516004,49.7
"South Korea",2012,6.0029998,10.493,0.77499998,71.339996,0.61799997,NA,0.84399998,0.61000001,0.206,"KOR",96.800003,104.3,100.1,92.800003,0.385,80.900002,8.9610004,17.844103,53.799999,112,64.343689,"South Korea",1,1,0.38499999,8.9610004,1,53.799999,0.14822499,NA
"South Korea",2013,5.9590001,10.519,0.79699999,71.559998,0.64200002,-0.056000002,0.83200002,0.58899999,0.189,"KOR",95.800003,100.5,97.900002,95.300003,0.372,81.400002,9.4619999,18.241959,NA,106.4,64.627274,"South Korea",1,1,0.37200001,9.4619999,0,0,0.138384,NA
"South Korea",2014,5.8010001,10.544,0.73799998,71.779999,0.62300003,-0.048999999,0.83399999,0.57499999,0.28299999,"KOR",97.300003,99.800003,98.199997,97.5,0.363,81.800003,9.9099998,18.163183,53.599998,103.4,65.566223,"South Korea",1,1,0.36300001,9.9099998,1,53.599998,0.131769,NA
"South Korea",2015,5.7800002,10.567,0.76800001,72,0.616,-0.041000001,0.84100002,0.56099999,0.244,"KOR",100,100,100,100,0.352,82.099998,10.546,18.103863,NA,100,65.909813,"South Korea",1,1,0.352,10.546,0,0,0.123904,NA
"South Korea",2016,5.9710002,10.592,0.81099999,72.275002,0.59100002,0.02,0.86199999,0.583,0.233,"KOR",101.6,99.800003,100.3,101.9,0.355,82.400002,10.79,17.957373,57.900002,99.300003,66.075661,"South Korea",1,1,0.35499999,10.79,1,57.900002,0.12602499,NA
"South Korea",2017,5.8740001,10.62,0.80699998,72.550003,0.53799999,0.0080000004,0.85100001,0.546,0.235,"KOR",102.9,99.400002,99.5,103.5,0.354,82.699997,10.945,17.825741,59.099998,98,66.629257,"South Korea",1,1,0.354,10.945,1,59.099998,0.12531601,NA
"South Korea",2018,5.8400002,10.645,0.79799998,72.824997,0.60000002,-0.094999999,0.79699999,0.579,0.21699999,"KOR",104.3,100.1,99.5,104.1,0.345,82.699997,11.756,17.65476,58.700001,95.5,66.613243,"South Korea",1,1,0.345,11.756,1,58.700001,0.119025,NA
"South Korea",2019,5.9029999,10.663,0.78299999,73.099998,0.70599997,-0.061000001,0.71799999,0.59299999,0.236,"KOR",104,99.900002,98.5,104,0.339,83.300003,13.255,17.498047,59.099998,91.5,66.822678,"South Korea",1,1,0.33899999,13.255,1,59.099998,0.11492099,NA
"Spain",2012,6.2909999,10.485,0.93699998,71.239998,0.755,-0.064999998,0.84399998,0.64399999,0.366,"ESP",105.9,104.5,107,101.4,0.334,82.5,25.549999,23.793585,79.199997,110.9,55.75,"Spain",1,1,0.33399999,25.549999,1,79.199997,0.11155599,51.6
"Spain",2013,6.1500001,10.474,0.92900002,71.360001,0.759,-0.107,0.91600001,0.66299999,0.37200001,"ESP",96.199997,95.099998,96.300003,101.2,0.345,83.199997,25.705,24.42705,77.699997,100.4,54.825001,"Spain",1,1,0.345,25.705,1,77.699997,0.119025,55.4
"Spain",2014,6.4559999,10.491,0.94800001,71.480003,0.73799998,-0.034000002,0.85399997,0.68300003,0.33500001,"ESP",96.5,96.099998,96.5,100.5,0.343,83.300003,25.372999,23.956793,78.099998,100.5,56,"Spain",1,1,0.34299999,25.372999,1,78.099998,0.117649,56
"Spain",2015,6.381,10.529,0.95599997,71.599998,0.73199999,-0.078000002,0.82200003,0.70499998,0.285,"ESP",100,100,100,100,0.344,83,24.707001,23.190819,77.199997,100,57.799999,"Spain",1,1,0.34400001,24.707001,1,77.199997,0.11833601,56.1
"Spain",2016,6.3189998,10.558,0.94199997,71.724998,0.76800001,-0.054000001,0.81900001,0.63,0.301,"ESP",104.6,104.7,104.4,99.900002,0.341,83.5,24.245001,22.557573,77.099998,102,59.549999,"Spain",1,1,0.34099999,24.245001,1,77.099998,0.116281,57.1
"Spain",2017,6.23,10.585,0.903,71.849998,0.75599998,-0.037999999,0.79100001,0.60100001,0.30199999,"ESP",111.1,110.7,109.2,100.3,0.333,83.400002,23.927,22.016283,76.699997,105.2,61.099998,"Spain",1,1,0.333,23.927,1,76.699997,0.110889,57.9
"Spain",2018,6.513,10.604,0.91000003,71.974998,0.722,-0.081,0.77700001,0.63599998,0.35699999,"ESP",118.6,116.7,115,101.6,0.33,83.5,24.034,21.927801,75.900002,109.6,62.400002,"Spain",1,1,0.33000001,24.034,1,75.900002,0.10890001,57.5
"Spain",2019,6.4569998,10.616,0.949,72.099998,0.778,-0.054000001,0.73000002,0.63599998,0.31600001,"ESP",124.7,120.9,119.6,103.2,0.32,84,24.646999,22.001976,75.599998,110.6,63.299999,"Spain",1,1,0.31999999,24.646999,1,75.599998,0.1024,58.2
"Sweden",2012,7.5599999,10.785,0.92900002,71.279999,0.94400001,0.127,0.25400001,0.796,0.17,"SWE",76.800003,81.099998,78.699997,94.699997,NA,81.800003,26.695,26.305948,63.200001,81.900002,73.775002,"Sweden",0,1,0,26.695,1,63.200001,0,51.5
"Sweden",2013,7.434,10.789,0.91600001,71.32,0.93599999,0.154,0.324,0.78200001,0.184,"SWE",80.800003,83.400002,82.300003,96.900002,0.267,82,27.368999,26.26022,62.099998,84.800003,74.400002,"Sweden",1,1,0.26699999,27.368999,1,62.099998,0.071288995,52.2
"Sweden",2014,7.2389998,10.805,0.93300003,71.360001,0.94499999,0.197,0.25,0.79299998,0.208,"SWE",88.400002,89.699997,89.300003,98.5,0.272,82.300003,26.975,25.950148,62.099998,90.699997,74.849998,"Sweden",1,1,0.27200001,26.975,1,62.099998,0.073984005,52.4
"Sweden",2015,7.289,10.838,0.92900002,71.400002,0.935,0.206,0.23199999,0.76599997,0.191,"SWE",100,100,100,100,0.276,82.199997,26.514999,25.629749,59.5,100,75.525002,"Sweden",1,1,0.27599999,26.514999,1,59.5,0.076175995,52.9
"Sweden",2016,7.369,10.846,0.912,71.525002,0.91799998,0.141,0.24600001,0.75199997,0.20100001,"SWE",108.2,107.3,107.3,100.9,0.28,82.400002,26.940001,25.660896,59.200001,105.1,76.199997,"Sweden",1,1,0.28,26.940001,1,59.200001,0.078400001,53.4
"Sweden",2017,7.2870002,10.858,0.91399997,71.650002,0.935,0.16500001,0.23899999,0.75599998,0.175,"SWE",115.4,113.5,112.5,101.7,0.282,82.5,26.256001,25.542389,58.599998,109.4,76.849998,"Sweden",1,1,0.28200001,26.256001,1,58.599998,0.079524003,52.5
"Sweden",2018,7.375,10.866,0.93099999,71.775002,0.94199997,0.071999997,0.26300001,0.74699998,0.161,"SWE",114.4,111.4,108.7,102.6,0.273,82.599998,26.037001,25.835489,57.700001,105.2,77.375,"Sweden",1,1,0.273,26.037001,1,57.700001,0.074529,51.4
"Sweden",2019,7.3979998,10.875,0.93400002,71.900002,0.94199997,0.085000001,0.25,0.77499998,0.20200001,"SWE",117.2,112.4,109.2,104.2,0.277,83.199997,25.472,25.924019,57.900002,104.2,77.125,"Sweden",1,1,0.27700001,25.472,1,57.900002,0.076729007,51
"Switzerland",2012,7.776,11.094,0.94700003,71.519997,0.94499999,0.131,0.32300001,0.79299998,0.176,"CHE",92.099998,94.400002,90.300003,97.599998,0.285,82.800003,24.693001,24.855305,40.099998,92.5,78.474998,"Switzerland",1,1,0.285,24.693001,1,40.099998,0.081225,47.4
"Switzerland",2014,7.493,11.111,0.95899999,71.639999,0.949,0.052999999,0.28299999,0.78799999,0.189,"CHE",97.400002,98.199997,96.099998,99.199997,0.297,83.300003,25.302,24.964825,40.299999,96.599998,78.75,"Switzerland",1,1,0.29699999,25.302,1,40.299999,0.088208996,47.3
"Switzerland",2015,7.572,11.116,0.93800002,71.699997,0.92799997,0.102,0.20999999,0.79400003,0.16599999,"CHE",100,100,100,100,0.296,83,26.118999,25.098898,38.400002,100,79.199997,"Switzerland",1,1,0.296,26.118999,1,38.400002,0.087616004,48.4
"Switzerland",2016,7.4590001,11.126,0.92799997,71.900002,0.93400002,0.081,0.30199999,0.75800002,0.206,"CHE",101.6,101.3,101.8,100.3,0.302,83.699997,26.485001,25.38158,37.299999,101.4,79.599998,"Switzerland",1,1,0.30199999,26.485001,1,37.299999,0.091203995,48.8
"Switzerland",2017,7.474,11.13,0.94999999,72.099998,0.92500001,0.17299999,0.31600001,0.73400003,0.19599999,"CHE",103.6,102.2,102.9,101.4,0.299,83.699997,26.870001,25.257887,NA,103.9,79.800003,"Switzerland",1,1,0.29899999,26.870001,0,0,0.089400999,49.4
"Switzerland",2018,7.5089998,11.151,0.93000001,72.300003,0.926,0.093999997,0.301,0.75599998,0.192,"CHE",106.7,104.9,104.8,101.8,0.311,83.800003,26.254999,25.15004,38,106,80.099998,"Switzerland",1,1,0.31099999,26.254999,1,38,0.096720994,49.1
"Switzerland",2019,7.6939998,11.155,0.949,72.5,0.91299999,0.028999999,0.294,0.74299997,0.171,"CHE",110.6,108.1,108.9,102.3,0.316,84,26.771,25.343586,37.5,108.6,80.474998,"Switzerland",1,1,0.31600001,26.771,1,37.5,0.099856012,49.3
"Turkiye",2012,5.309,10.018,0.73900002,67.220001,0.47099999,-0.221,0.70200002,0.50599998,0.33500001,"TUR",68.300003,83.400002,84.300003,81.900002,0.399,74.599998,11.879,17.496073,59.200001,NA,48.900002,"Turkiye",1,1,0.39899999,11.879,1,59.200001,0.159201,NA
"Turkiye",2013,4.888,10.082,0.79500002,67.379997,0.54100001,-0.235,0.69800001,0.551,0.39199999,"TUR",75.900002,87.400002,88.5,86.900002,0.39,78,11.684,16.894114,59.200001,NA,49.525002,"Turkiye",1,1,0.38999999,11.684,1,59.200001,0.15209998,NA
"Turkiye",2014,5.5799999,10.111,0.86299998,67.540001,0.64899999,-0.028999999,0.764,0.41,0.377,"TUR",86.199997,92.699997,93.199997,92.900002,0.398,78,11.61,16.482714,59.299999,NA,49.525002,"Turkiye",1,1,0.398,11.61,1,59.299999,0.15840401,NA
"Turkiye",2015,5.5139999,10.15,0.85100001,67.699997,0.653,-0.021,0.80599999,0.391,0.382,"TUR",100,100,100,100,0.404,78,11.488,16.152803,58.5,NA,50.150002,"Turkiye",1,1,0.40400001,11.488,1,58.5,0.16321601,NA
"Turkiye",2016,5.3260002,10.166,0.88,67.875,0.64399999,-0.07,0.764,0.414,0.38999999,"TUR",113.6,104.6,106.8,108.7,NA,78,12.534,16.261934,58.200001,NA,50.650002,"Turkiye",0,1,0,12.534,1,58.200001,0,NA
"Turkiye",2017,5.6069999,10.225,0.87599999,68.050003,0.64399999,-0.242,0.671,0.39300001,0.31299999,"TUR",125.4,105.8,105.9,118.6,0.409,78.099998,11.999,15.574574,57.700001,NA,51.549999,"Turkiye",1,1,0.40900001,11.999,1,57.700001,0.167281,NA
"Turkiye",2018,5.1859999,10.246,0.847,68.224998,0.52899998,-0.18099999,0.80500001,0.37900001,0.35100001,"TUR",134.89999,103.8,99.900002,130.10001,0.397,78.300003,11.767,15.147691,57,NA,51.974998,"Turkiye",1,1,0.39700001,11.767,1,57,0.15760902,NA
"Turkiye",2019,4.8720002,10.245,0.792,68.400002,0.63099998,-0.141,0.75999999,0.347,0.368,"TUR",141,98.5,91.199997,143.2,0.415,78.599998,12.429,14.43716,56.799999,NA,50.299999,"Turkiye",1,1,0.41499999,12.429,1,56.799999,0.172225,NA
"United Kingdom",2012,6.881,10.656,0.935,69.519997,0.889,0.366,0.42500001,0.73900002,0.184,"GBR",85.199997,91.900002,87.800003,92.699997,0.351,80.800003,23.736,27.296474,65.900002,95.099998,70.974998,"United Kingdom",1,1,0.35100001,23.736,1,65.900002,0.12320101,51.1
"United Kingdom",2013,6.9180002,10.668,0.93699998,69.580002,0.90499997,0.34099999,0.56800002,0.71899998,0.252,"GBR",87.400002,92,88.099998,95,0.358,80.800003,23.02,27.155615,65.5,94.300003,71.550003,"United Kingdom",1,1,0.35800001,23.02,1,65.5,0.12816401,51.2
"United Kingdom",2014,6.7579999,10.692,0.91000003,69.639999,0.85699999,0.34900001,0.484,0.74000001,0.25099999,"GBR",94.300003,97.099998,94,97.199997,0.356,81.099998,22.49,26.735386,65.5,99.199997,72.875,"United Kingdom",1,1,0.35600001,22.49,1,65.5,0.126736,50.9
"United Kingdom",2015,6.5149999,10.707,0.93599999,69.699997,0.833,0.294,0.456,0.74000001,0.219,"GBR",100,100,100,100,0.36,80.800003,22.089001,26.955988,66.300003,100,73.675003,"United Kingdom",1,1,0.36000001,22.089001,1,66.300003,0.1296,51
"United Kingdom",2016,6.8239999,10.721,0.954,69.800003,0.82099998,0.244,0.458,0.73199999,0.23,"GBR",107,105.2,105.7,101.7,0.351,81,21.417,26.896751,66.300003,105.8,74.375,"United Kingdom",1,1,0.35100001,21.417,1,66.300003,0.12320101,50.3
"United Kingdom",2017,7.1030002,10.739,0.93699998,69.900002,0.81300002,0.285,0.419,0.71200001,0.20999999,"GBR",111.8,108.9,108.5,102.7,0.357,81.099998,20.971001,26.12105,66.199997,108.4,75,"United Kingdom",1,1,0.35699999,20.971001,1,66.199997,0.12744899,49.7
"United Kingdom",2018,7.2329998,10.75,0.92799997,70,0.838,0.22,0.40400001,0.736,0.228,"GBR",115.5,112,109.7,103.2,0.366,81,20.444,25.997015,66.599998,108.1,75.625,"United Kingdom",1,1,0.366,20.444,1,66.599998,0.133956,48.8
"United Kingdom",2019,7.1570001,10.76,0.94300002,70.099998,0.85399997,0.264,0.48500001,0.73900002,0.25099999,"GBR",116.6,112.2,109.1,103.9,0.366,81.300003,20.125999,25.754412,66.800003,106,76.175003,"United Kingdom",1,1,0.366,20.125999,1,66.800003,0.133956,45.4
"United States",2012,7.026,10.929,0.903,66.660004,0.82300001,0.208,0.70999998,0.76499999,0.25999999,"USA",84.900002,93.199997,87.300003,91,NA,78.800003,18.77,19.005041,64,90.300003,67.136612,"United States",0,1,0,18.77,1,64,0,45.6
"United States",2013,7.2490001,10.941,0.92500001,66.639999,0.792,0.26800001,0.74699998,0.77600002,0.25999999,"USA",90.699997,96.900002,92.199997,93.599998,0.396,78.800003,18.733999,19.051445,63.599998,97.400002,67.35994,"United States",1,1,0.396,18.733999,1,63.599998,0.15681601,47
"United States",2014,7.151,10.956,0.90200001,66.620003,0.866,0.215,0.70200002,0.78600001,0.28099999,"USA",95.099998,98.5,95.300003,96.5,0.394,78.900002,24.039,18.795856,63.200001,98.099998,68.14875,"United States",1,1,0.39399999,24.039,1,63.200001,0.15523599,48
"United States",2015,6.8639998,10.975,0.90399998,66.599998,0.84899998,0.213,0.69800001,0.76899999,0.27500001,"USA",100,100,100,100,0.39,78.699997,24.225,18.503714,63.099998,100,68.709618,"United States",1,1,0.38999999,24.225,1,63.099998,0.15209998,48.7
"United States",2016,6.8039999,10.985,0.89700001,66.474998,0.75800002,0.138,0.73900002,0.73699999,0.264,"USA",105.6,101.7,104.5,103.8,0.391,78.699997,24.474001,18.471418,63.200001,103.4,69.351357,"United States",1,1,0.391,24.474001,1,63.200001,0.152881,48.8
"United States",2017,6.9920001,11.001,0.921,66.349998,0.86799997,0.191,0.68099999,0.755,0.26800001,"USA",112,104,109,107.7,0.39,78.599998,24.333,18.341265,64,105.3,70.110168,"United States",1,1,0.38999999,24.333,1,64,0.15209998,48.5
"United States",2018,6.8829999,11.024,0.90399998,66.224998,0.82499999,0.11,0.70999998,0.75700003,0.292,"USA",118.9,106.5,113.4,111.6,0.393,78.699997,24.07,18.350426,64,106.4,70.726143,"United States",1,1,0.39300001,24.07,1,64,0.154449,48
"United States",2019,6.9439998,11.042,0.917,66.099998,0.83600003,0.138,0.70700002,0.755,0.244,"USA",124.9,107.9,117.4,115.8,0.395,78.800003,24.014999,18.40547,64.099998,107.4,71.358414,"United States",1,1,0.39500001,24.014999,1,64.099998,0.15602501,47.9
