"Country name","year","Life Ladder","Log GDP per capita","Social support","Healthy life expectancy at birth","Freedom to make life choices","Generosity","Perceptions of corruption","Positive affect","Negative affect","area"
"Australia",2005,7.341,10.662,0.968,69.8,0.935,NA,0.39,0.77,0.238,"AUS"
"Australia",2007,7.285,10.694,0.965,69.96,0.891,0.342,0.513,0.762,0.215,"AUS"
"Australia",2008,7.254,10.709,0.947,70.04,0.916,0.3,0.431,0.729,0.218,"AUS"
"Australia",2010,7.45,10.714,0.955,70.2,0.932,0.311,0.366,0.762,0.22,"AUS"
"Australia",2011,7.406,10.723,0.967,70.28,0.945,0.364,0.382,0.724,0.195,"AUS"
"Australia",2012,7.196,10.744,0.945,70.36,0.935,0.268,0.368,0.728,0.214,"AUS"
"Australia",2013,7.364,10.752,0.928,70.44,0.933,0.263,0.432,0.77,0.177,"AUS"
"Australia",2014,7.289,10.763,0.924,70.52,0.923,0.313,0.442,0.74,0.245,"AUS"
"Australia",2015,7.309,10.77,0.952,70.6,0.922,0.327,0.357,0.75,0.21,"AUS"
"Australia",2016,7.25,10.781,0.942,70.675,0.922,0.233,0.399,0.736,0.236,"AUS"
"Australia",2017,7.257,10.787,0.95,70.75,0.911,0.312,0.411,0.728,0.225,"AUS"
"Australia",2018,7.177,10.801,0.94,70.825,0.916,0.141,0.405,0.706,0.187,"AUS"
"Australia",2019,7.234,10.807,0.943,70.9,0.918,0.115,0.43,0.727,0.202,"AUS"
"Australia",2020,7.137,10.794,0.937,70.975,0.905,0.202,0.491,0.726,0.205,"AUS"
"Australia",2021,7.112,10.815,0.92,71.05,0.912,0.234,0.454,0.74,0.235,"AUS"
"Australia",2022,7.035,10.84,0.942,71.125,0.854,0.153,0.545,0.711,0.244,"AUS"
"Australia",2023,7.025,10.846,0.896,71.2,0.876,0.187,0.482,0.731,0.248,"AUS"
"Austria",2006,7.122,10.836,0.936,69.5,0.941,0.297,0.49,0.746,0.174,"AUT"
"Austria",2008,7.181,10.881,0.935,69.7,0.879,0.286,0.614,0.716,0.173,"AUT"
"Austria",2010,7.303,10.856,0.914,69.9,0.896,0.125,0.546,0.71,0.156,"AUT"
"Austria",2011,7.471,10.881,0.944,70,0.939,0.126,0.703,0.672,0.145,"AUT"
"Austria",2012,7.401,10.884,0.945,70.1,0.92,0.112,0.771,0.712,0.157,"AUT"
"Austria",2013,7.499,10.878,0.95,70.2,0.922,0.163,0.679,0.725,0.163,"AUT"
"Austria",2014,6.95,10.877,0.899,70.3,0.885,0.112,0.567,0.721,0.17,"AUT"
"Austria",2015,7.076,10.876,0.928,70.4,0.9,0.093,0.557,0.748,0.164,"AUT"
"Austria",2016,7.048,10.885,0.926,70.525,0.889,0.074,0.524,0.713,0.197,"AUT"
"Austria",2017,7.294,10.9,0.906,70.65,0.89,0.128,0.518,0.699,0.18,"AUT"
"Austria",2018,7.396,10.919,0.912,70.775,0.904,0.048,0.523,0.695,0.226,"AUT"
"Austria",2019,7.195,10.93,0.964,70.9,0.903,0.054,0.457,0.727,0.205,"AUT"
"Austria",2020,7.213,10.859,0.925,71.025,0.912,0.004,0.464,0.716,0.206,"AUT"
"Austria",2021,7.08,10.899,0.863,71.15,0.795,0.158,0.501,0.722,0.259,"AUT"
"Austria",2022,6.999,10.938,0.876,71.275,0.856,0.137,0.524,0.718,0.226,"AUT"
"Austria",2023,6.636,10.93,0.874,71.4,0.874,0.209,0.529,0.712,0.24,"AUT"
"Belgium",2005,7.262,10.744,0.935,68.4,0.924,NA,0.598,0.677,0.26,"BEL"
"Belgium",2007,7.219,10.791,0.922,68.72,0.901,0.064,0.721,0.744,0.218,"BEL"
"Belgium",2008,7.117,10.788,0.923,68.88,0.887,0.001,0.652,0.709,0.242,"BEL"
"Belgium",2010,6.854,10.778,0.931,69.2,0.807,0.016,0.697,0.793,0.24,"BEL"
"Belgium",2011,7.111,10.782,0.937,69.36,0.88,-0.02,0.711,0.752,0.225,"BEL"
"Belgium",2012,6.935,10.783,0.927,69.52,0.855,-0.056,0.758,0.718,0.238,"BEL"
"Belgium",2013,7.104,10.783,0.909,69.68,0.891,0.011,0.574,0.738,0.217,"BEL"
"Belgium",2014,6.855,10.794,0.944,69.84,0.861,-0.005,0.512,0.744,0.252,"BEL"
"Belgium",2015,6.904,10.809,0.885,70,0.869,0.056,0.469,0.747,0.24,"BEL"
"Belgium",2016,6.949,10.816,0.929,70.15,0.866,-0.062,0.497,0.701,0.26,"BEL"
"Belgium",2017,6.928,10.829,0.922,70.3,0.857,0.049,0.543,0.713,0.234,"BEL"
"Belgium",2018,6.892,10.842,0.93,70.45,0.808,-0.13,0.63,0.682,0.25,"BEL"
"Belgium",2019,6.772,10.859,0.884,70.6,0.776,-0.178,0.672,0.699,0.244,"BEL"
"Belgium",2020,6.839,10.799,0.904,70.75,0.767,-0.172,0.634,0.619,0.26,"BEL"
"Belgium",2021,6.882,10.856,0.915,70.9,0.823,0.077,0.523,0.687,0.26,"BEL"
"Belgium",2022,6.857,10.881,0.923,71.05,0.89,0.095,0.483,0.718,0.235,"BEL"
"Belgium",2023,6.944,10.883,0.896,71.2,0.87,0.065,0.522,0.725,0.245,"BEL"
"Canada",2005,7.418,10.707,0.962,70.5,0.957,0.246,0.503,0.783,0.233,"CAN"
"Canada",2007,7.482,10.734,NA,70.62,0.93,0.244,0.406,0.812,0.257,"CAN"
"Canada",2008,7.486,10.733,0.939,70.68,0.926,0.256,0.37,0.802,0.202,"CAN"
"Canada",2009,7.488,10.692,0.943,70.74,0.915,0.241,0.413,0.793,0.248,"CAN"
"Canada",2010,7.65,10.711,0.954,70.8,0.934,0.225,0.413,0.791,0.233,"CAN"
"Canada",2011,7.426,10.733,0.922,70.86,0.951,0.247,0.433,0.803,0.248,"CAN"
"Canada",2012,7.415,10.739,0.948,70.92,0.918,0.284,0.466,0.776,0.229,"CAN"
"Canada",2013,7.594,10.752,0.936,70.98,0.916,0.31,0.406,0.801,0.263,"CAN"
"Canada",2014,7.304,10.77,0.918,71.04,0.939,0.264,0.442,0.791,0.259,"CAN"
"Canada",2015,7.413,10.769,0.939,71.1,0.931,0.247,0.427,0.792,0.286,"CAN"
"Canada",2016,7.245,10.768,0.924,71.15,0.912,0.205,0.385,0.768,0.237,"CAN"
"Canada",2017,7.415,10.786,0.934,71.2,0.945,0.157,0.362,0.799,0.218,"CAN"
"Canada",2018,7.175,10.799,0.923,71.25,0.946,0.1,0.372,0.773,0.259,"CAN"
"Canada",2019,7.109,10.803,0.925,71.3,0.912,0.105,0.436,0.781,0.285,"CAN"
"Canada",2020,7.025,10.74,0.931,71.35,0.887,0.043,0.434,0.738,0.307,"CAN"
"Canada",2021,6.939,10.783,0.926,71.4,0.898,0.189,0.384,0.763,0.276,"CAN"
"Canada",2022,6.918,10.799,0.929,71.45,0.838,0.22,0.442,0.719,0.287,"CAN"
"Canada",2023,6.841,10.794,0.902,71.5,0.847,0.196,0.468,0.726,0.304,"CAN"
"Chile",2006,6.063,9.87,0.836,67.78,0.744,0.161,0.634,0.752,0.348,"CHL"
"Chile",2007,5.698,9.91,0.815,67.96,0.662,0.236,0.723,0.708,0.342,"CHL"
"Chile",2008,5.789,9.938,0.804,68.14,0.64,0.076,0.741,0.706,0.33,"CHL"
"Chile",2009,6.494,9.916,0.832,68.32,0.747,0.141,0.734,0.756,0.3,"CHL"
"Chile",2010,6.636,9.963,0.857,68.5,0.786,0.1,0.702,0.76,0.3,"CHL"
"Chile",2011,6.526,10.013,0.819,68.68,0.701,0.104,0.753,0.758,0.317,"CHL"
"Chile",2012,6.599,10.063,0.855,68.86,0.734,0.186,0.782,0.736,0.288,"CHL"
"Chile",2013,6.74,10.086,0.862,69.04,0.737,0.077,0.741,0.791,0.285,"CHL"
"Chile",2014,6.844,10.094,0.862,69.22,0.733,0.209,0.758,0.8,0.276,"CHL"
"Chile",2015,6.533,10.105,0.827,69.4,0.769,0.032,0.812,0.752,0.333,"CHL"
"Chile",2016,6.579,10.11,0.841,69.55,0.652,0.094,0.858,0.792,0.283,"CHL"
"Chile",2017,6.32,10.108,0.88,69.7,0.79,-0.028,0.836,0.765,0.291,"CHL"
"Chile",2018,6.436,10.13,0.89,69.85,0.789,-0.068,0.816,0.755,0.276,"CHL"
"Chile",2019,5.942,10.119,0.869,70,0.659,-0.11,0.86,0.741,0.337,"CHL"
"Chile",2020,6.151,10.042,0.888,70.15,0.781,0.026,0.812,0.753,0.336,"CHL"
"Chile",2021,6.436,10.143,0.891,70.3,0.803,-0.052,0.859,0.735,0.221,"CHL"
"Chile",2022,6.415,10.161,0.887,70.45,0.793,-0.014,0.796,0.775,0.253,"CHL"
"Chile",2023,6.23,10.155,0.874,70.6,0.815,-0.027,0.836,0.779,0.263,"CHL"
"Colombia",2006,6.025,9.277,0.91,66.32,0.805,-0.021,0.808,0.776,0.326,"COL"
"Colombia",2007,6.138,9.33,0.894,66.54,0.786,-0.046,0.86,0.774,0.287,"COL"
"Colombia",2008,6.168,9.351,0.88,66.76,0.795,-0.047,0.763,0.768,0.307,"COL"
"Colombia",2009,6.272,9.351,0.886,66.98,0.757,-0.06,0.837,0.786,0.273,"COL"
"Colombia",2010,6.408,9.383,0.893,67.2,0.816,-0.055,0.815,0.792,0.265,"COL"
"Colombia",2011,6.464,9.44,0.904,67.42,0.811,-0.079,0.847,0.785,0.286,"COL"
"Colombia",2012,6.375,9.468,0.914,67.64,0.828,-0.015,0.868,0.829,0.294,"COL"
"Colombia",2013,6.607,9.508,0.901,67.86,0.841,-0.076,0.898,0.815,0.278,"COL"
"Colombia",2014,6.449,9.542,0.907,68.08,0.801,-0.096,0.887,0.825,0.278,"COL"
"Colombia",2015,6.388,9.562,0.89,68.3,0.791,-0.106,0.843,0.803,0.292,"COL"
"Colombia",2016,6.234,9.572,0.882,68.475,0.835,-0.106,0.898,0.77,0.294,"COL"
"Colombia",2017,6.157,9.57,0.909,68.65,0.838,-0.163,0.875,0.79,0.299,"COL"
"Colombia",2018,5.984,9.577,0.871,68.825,0.851,-0.154,0.855,0.775,0.301,"COL"
"Colombia",2019,6.35,9.59,0.873,69,0.822,-0.177,0.854,0.791,0.322,"COL"
"Colombia",2020,5.709,9.5,0.797,69.175,0.84,-0.091,0.808,0.759,0.34,"COL"
"Colombia",2021,5.29,9.593,0.793,69.35,0.775,-0.065,0.831,0.752,0.348,"COL"
"Colombia",2022,5.892,9.658,0.877,69.525,0.799,-0.164,0.863,0.762,0.306,"COL"
"Colombia",2023,5.904,9.667,0.833,69.7,0.823,-0.142,0.87,0.754,0.285,"COL"
"Costa Rica",2006,7.082,9.607,0.937,68.56,0.882,0.052,0.798,0.815,0.236,"CRI"
"Costa Rica",2007,7.432,9.672,0.918,68.72,0.923,0.089,0.82,0.826,0.24,"CRI"
"Costa Rica",2008,6.851,9.704,0.916,68.88,0.912,0.087,0.816,0.838,0.233,"CRI"
"Costa Rica",2009,7.615,9.682,0.9,69.04,0.886,0.057,0.787,0.84,0.217,"CRI"
"Costa Rica",2010,7.271,9.721,0.915,69.2,0.881,0.038,0.763,0.827,0.221,"CRI"
"Costa Rica",2011,7.229,9.752,0.892,69.36,0.926,-0.042,0.837,0.794,0.269,"CRI"
"Costa Rica",2012,7.272,9.788,0.902,69.52,0.929,0.037,0.794,0.837,0.263,"CRI"
"Costa Rica",2013,7.158,9.801,0.902,69.68,0.898,0.009,0.813,0.809,0.278,"CRI"
"Costa Rica",2014,7.247,9.824,0.914,69.84,0.927,0,0.788,0.797,0.29,"CRI"
"Costa Rica",2015,6.854,9.85,0.878,70,0.907,-0.068,0.761,0.811,0.286,"CRI"
"Costa Rica",2016,7.136,9.881,0.901,70,0.873,-0.042,0.781,0.83,0.281,"CRI"
"Costa Rica",2017,7.225,9.912,0.922,70,0.936,-0.086,0.742,0.791,0.275,"CRI"
"Costa Rica",2018,7.141,9.928,0.876,70,0.942,-0.117,0.781,0.802,0.326,"CRI"
"Costa Rica",2019,6.998,9.944,0.906,70,0.927,-0.156,0.836,0.791,0.303,"CRI"
"Costa Rica",2020,6.338,9.892,0.834,70,0.889,-0.139,0.772,0.759,0.35,"CRI"
"Costa Rica",2021,6.408,9.961,0.876,70,0.887,-0.029,0.782,0.774,0.318,"CRI"
"Costa Rica",2022,7.077,9.998,0.902,70,0.91,-0.049,0.751,0.793,0.272,"CRI"
"Costa Rica",2023,7.384,10.021,0.875,70,0.933,-0.067,0.767,0.806,0.282,"CRI"
"Czechia",2005,6.439,10.322,0.919,67.1,0.865,NA,0.901,0.639,0.258,"CZE"
"Czechia",2007,6.5,10.433,0.9,67.34,0.799,-0.069,0.928,0.66,0.277,"CZE"
"Czechia",2010,6.25,10.419,0.934,67.7,0.779,-0.048,0.926,0.648,0.244,"CZE"
"Czechia",2011,6.331,10.434,0.914,67.82,0.787,-0.112,0.95,0.623,0.253,"CZE"
"Czechia",2012,6.334,10.425,0.912,67.94,0.74,-0.16,0.957,0.635,0.257,"CZE"
"Czechia",2013,6.698,10.424,0.888,68.06,0.726,-0.162,0.916,0.656,0.253,"CZE"
"Czechia",2014,6.484,10.445,0.878,68.18,0.8,-0.174,0.897,0.638,0.235,"CZE"
"Czechia",2015,6.608,10.496,0.911,68.3,0.808,-0.152,0.886,0.689,0.206,"CZE"
"Czechia",2016,6.736,10.519,0.931,68.425,0.85,-0.204,0.9,0.71,0.201,"CZE"
"Czechia",2017,6.79,10.567,0.901,68.55,0.832,-0.183,0.867,0.672,0.227,"CZE"
"Czechia",2018,7.034,10.595,0.929,68.675,0.79,-0.299,0.851,0.674,0.178,"CZE"
"Czechia",2020,6.897,10.562,0.964,68.925,0.906,-0.135,0.884,0.748,0.29,"CZE"
"Czechia",2021,6.942,10.615,0.95,69.05,0.891,0.157,0.863,0.716,0.24,"CZE"
"Czechia",2022,6.695,10.637,0.944,69.175,0.908,0.093,0.831,0.743,0.246,"CZE"
"Czechia",2023,6.827,10.639,0.927,69.3,0.906,0.025,0.832,0.75,0.254,"CZE"
"Denmark",2005,8.019,10.849,0.972,68.3,0.971,NA,0.237,0.777,0.154,"DNK"
"Denmark",2007,7.834,10.889,0.954,68.74,0.932,0.234,0.206,0.778,0.194,"DNK"
"Denmark",2008,7.971,10.878,0.954,68.96,0.97,0.266,0.248,0.759,0.163,"DNK"
"Denmark",2009,7.683,10.822,0.939,69.18,0.949,0.258,0.206,0.782,0.234,"DNK"
"Denmark",2010,7.771,10.836,0.975,69.4,0.944,0.237,0.175,0.796,0.155,"DNK"
"Denmark",2011,7.788,10.845,0.962,69.62,0.935,0.292,0.22,0.778,0.175,"DNK"
"Denmark",2012,7.52,10.844,0.951,69.84,0.933,0.133,0.187,0.783,0.209,"DNK"
"Denmark",2013,7.589,10.849,0.965,70.06,0.92,0.209,0.17,0.826,0.195,"DNK"
"Denmark",2014,7.508,10.86,0.956,70.28,0.942,0.112,0.237,0.78,0.233,"DNK"
"Denmark",2015,7.514,10.876,0.96,70.5,0.941,0.216,0.191,0.801,0.218,"DNK"
"Denmark",2016,7.558,10.9,0.954,70.625,0.948,0.132,0.21,0.786,0.208,"DNK"
"Denmark",2017,7.594,10.922,0.952,70.75,0.955,0.149,0.181,0.779,0.206,"DNK"
"Denmark",2018,7.649,10.936,0.958,70.875,0.935,0.012,0.151,0.773,0.206,"DNK"
"Denmark",2019,7.693,10.948,0.958,71,0.963,0.015,0.174,0.797,0.181,"DNK"
"Denmark",2020,7.515,10.924,0.947,71.125,0.938,0.045,0.214,0.753,0.227,"DNK"
"Denmark",2021,7.699,10.968,0.945,71.25,0.933,0.13,0.173,0.792,0.206,"DNK"
"Denmark",2022,7.545,10.997,0.97,71.375,0.93,0.222,0.203,0.787,0.205,"DNK"
"Denmark",2023,7.504,10.996,0.916,71.5,0.923,0.089,0.184,0.757,0.229,"DNK"
"Estonia",2006,5.371,10.269,0.91,65.78,0.749,-0.27,0.797,0.589,0.215,"EST"
"Estonia",2007,5.332,10.346,0.896,66.06,0.712,-0.252,0.743,0.589,0.176,"EST"
"Estonia",2008,5.452,10.296,0.904,66.34,0.642,-0.223,0.663,0.595,0.218,"EST"
"Estonia",2009,5.138,10.14,0.874,66.62,0.611,-0.235,0.793,0.591,0.243,"EST"
"Estonia",2011,5.487,10.24,0.909,67.18,0.735,-0.173,0.687,0.641,0.205,"EST"
"Estonia",2012,5.364,10.275,0.889,67.46,0.697,-0.197,0.793,0.627,0.199,"EST"
"Estonia",2013,5.367,10.293,0.901,67.74,0.754,-0.206,0.726,0.651,0.199,"EST"
"Estonia",2014,5.556,10.325,0.917,68.02,0.773,-0.158,0.652,0.62,0.203,"EST"
"Estonia",2015,5.629,10.343,0.918,68.3,0.815,-0.169,0.569,0.649,0.183,"EST"
"Estonia",2016,5.65,10.374,0.938,68.525,0.843,-0.155,0.639,0.657,0.177,"EST"
"Estonia",2017,5.938,10.429,0.936,68.75,0.862,-0.107,0.668,0.74,0.16,"EST"
"Estonia",2018,6.091,10.463,0.933,68.975,0.886,-0.147,0.621,0.73,0.163,"EST"
"Estonia",2019,6.035,10.496,0.934,69.2,0.887,-0.101,0.576,0.738,0.156,"EST"
"Estonia",2020,6.453,10.488,0.958,69.425,0.954,-0.09,0.398,0.762,0.188,"EST"
"Estonia",2021,6.554,10.564,0.946,69.65,0.926,0.046,0.441,0.761,0.176,"EST"
"Estonia",2022,6.357,10.541,0.933,69.875,0.904,0.136,0.39,0.767,0.187,"EST"
"Estonia",2023,6.43,10.517,0.958,70.1,0.915,0.032,0.334,0.765,0.182,"EST"
"Finland",2006,7.672,10.745,0.965,68.72,0.969,-0.011,0.132,0.683,0.172,"FIN"
"Finland",2008,7.671,10.796,0.951,69.16,0.934,0.022,0.217,0.691,0.144,"FIN"
"Finland",2010,7.393,10.734,0.935,69.6,0.916,0.085,0.413,0.758,0.202,"FIN"
"Finland",2011,7.354,10.754,0.938,69.82,0.936,0.095,0.32,0.709,0.205,"FIN"
"Finland",2012,7.42,10.735,0.928,70.04,0.921,-0.007,0.361,0.742,0.202,"FIN"
"Finland",2013,7.445,10.722,0.941,70.26,0.919,0.034,0.306,0.752,0.195,"FIN"
"Finland",2014,7.385,10.714,0.952,70.48,0.933,-0.007,0.265,0.766,0.199,"FIN"
"Finland",2015,7.448,10.716,0.948,70.7,0.93,0.105,0.223,0.736,0.191,"FIN"
"Finland",2016,7.66,10.741,0.954,70.775,0.948,-0.033,0.25,0.769,0.182,"FIN"
"Finland",2017,7.788,10.77,0.964,70.85,0.962,-0.008,0.192,0.756,0.176,"FIN"
"Finland",2018,7.858,10.78,0.962,70.925,0.938,-0.133,0.199,0.749,0.182,"FIN"
"Finland",2019,7.78,10.791,0.937,71,0.948,-0.058,0.195,0.732,0.181,"FIN"
"Finland",2020,7.889,10.766,0.962,71.075,0.962,-0.123,0.164,0.748,0.193,"FIN"
"Finland",2021,7.794,10.794,0.97,71.15,0.963,-0.039,0.192,0.752,0.175,"FIN"
"Finland",2022,7.729,10.811,0.974,71.225,0.959,0.101,0.19,0.741,0.191,"FIN"
"Finland",2023,7.699,10.808,0.947,71.3,0.943,-0.001,0.185,0.717,0.173,"FIN"
"France",2005,7.093,10.637,0.94,70.7,0.895,NA,0.688,0.681,0.225,"FRA"
"France",2006,6.583,10.654,0.944,70.8,0.789,0.12,0.699,0.694,0.289,"FRA"
"France",2008,7.008,10.669,0.935,71,0.833,-0.037,0.669,0.702,0.281,"FRA"
"France",2009,6.283,10.635,0.918,71.1,0.798,-0.088,0.654,0.691,0.303,"FRA"
"France",2010,6.798,10.649,0.943,71.2,0.85,-0.109,0.623,0.729,0.261,"FRA"
"France",2011,6.959,10.666,0.921,71.3,0.903,-0.108,0.627,0.718,0.281,"FRA"
"France",2012,6.649,10.664,0.937,71.4,0.841,-0.155,0.608,0.705,0.253,"FRA"
"France",2013,6.667,10.665,0.908,71.5,0.878,-0.13,0.699,0.741,0.205,"FRA"
"France",2014,6.467,10.669,0.878,71.6,0.803,-0.124,0.656,0.759,0.216,"FRA"
"France",2015,6.358,10.677,0.896,71.7,0.817,-0.145,0.641,0.74,0.215,"FRA"
"France",2016,6.475,10.685,0.885,71.8,0.787,-0.097,0.623,0.715,0.27,"FRA"
"France",2017,6.635,10.705,0.931,71.9,0.834,-0.129,0.601,0.716,0.242,"FRA"
"France",2018,6.666,10.72,0.921,72,0.816,-0.143,0.582,0.705,0.282,"FRA"
"France",2019,6.69,10.735,0.958,72.1,0.827,-0.139,0.568,0.693,0.25,"FRA"
"France",2020,6.714,10.651,0.947,72.2,0.823,-0.176,0.565,0.69,0.231,"FRA"
"France",2021,6.656,10.714,0.915,72.3,0.837,-0.104,0.561,0.685,0.268,"FRA"
"France",2022,6.614,10.737,0.866,72.4,0.798,-0.027,0.533,0.688,0.249,"FRA"
"France",2023,6.557,10.742,0.85,72.5,0.776,0.01,0.558,0.676,0.228,"FRA"
"Germany",2005,6.62,10.691,0.963,69.9,0.847,NA,0.781,0.685,0.197,"DEU"
"Germany",2007,6.417,10.76,0.926,69.94,0.801,0.161,0.792,0.647,0.231,"DEU"
"Germany",2008,6.522,10.771,0.923,69.96,0.766,NA,0.758,0.672,0.22,"DEU"
"Germany",2009,6.641,10.715,0.935,69.98,0.844,0.121,0.69,0.684,0.206,"DEU"
"Germany",2010,6.725,10.758,0.939,70,0.843,0.089,0.688,0.698,0.182,"DEU"
"Germany",2011,6.621,10.815,0.947,70.02,0.906,0.027,0.677,0.686,0.165,"DEU"
"Germany",2012,6.702,10.817,0.926,70.04,0.904,0.065,0.679,0.699,0.17,"DEU"
"Germany",2013,6.965,10.819,0.931,70.06,0.894,0.018,0.566,0.693,0.205,"DEU"
"Germany",2014,6.984,10.837,0.938,70.08,0.899,0.082,0.474,0.739,0.188,"DEU"
"Germany",2015,7.037,10.843,0.926,70.1,0.889,0.172,0.412,0.722,0.203,"DEU"
"Germany",2016,6.874,10.857,0.906,70.3,0.871,0.142,0.446,0.709,0.187,"DEU"
"Germany",2017,7.074,10.879,0.892,70.5,0.841,0.139,0.414,0.707,0.196,"DEU"
"Germany",2018,7.118,10.886,0.92,70.7,0.877,0.028,0.496,0.74,0.243,"DEU"
"Germany",2019,7.035,10.894,0.886,70.9,0.885,0.051,0.462,0.712,0.226,"DEU"
"Germany",2020,7.312,10.856,0.905,71.1,0.864,-0.068,0.424,0.698,0.206,"DEU"
"Germany",2021,6.755,10.881,0.868,71.3,0.778,0.074,0.418,0.703,0.251,"DEU"
"Germany",2022,6.608,10.889,0.916,71.5,0.895,0.08,0.417,0.668,0.201,"DEU"
"Germany",2023,6.792,10.878,0.895,71.7,0.845,0.106,0.46,0.706,0.231,"DEU"
"Greece",2005,6.006,10.454,0.837,69.6,0.734,NA,0.861,0.598,0.264,"GRC"
"Greece",2007,6.647,10.535,0.808,69.76,0.575,-0.196,0.845,0.629,0.222,"GRC"
"Greece",2009,6.039,10.483,0.793,69.92,0.443,-0.298,0.959,0.614,0.254,"GRC"
"Greece",2010,5.84,10.425,0.868,70,0.484,-0.308,0.954,0.581,0.292,"GRC"
"Greece",2011,5.372,10.32,0.852,70.08,0.528,-0.321,0.941,0.552,0.323,"GRC"
"Greece",2012,5.096,10.251,0.812,70.16,0.373,-0.31,0.959,0.544,0.352,"GRC"
"Greece",2013,4.72,10.233,0.687,70.24,0.426,-0.277,0.941,0.571,0.482,"GRC"
"Greece",2014,4.756,10.245,0.832,70.32,0.369,-0.293,0.93,0.597,0.385,"GRC"
"Greece",2015,5.623,10.249,0.835,70.4,0.532,-0.277,0.824,0.637,0.277,"GRC"
"Greece",2016,5.303,10.248,0.803,70.525,0.482,-0.265,0.898,0.594,0.336,"GRC"
"Greece",2017,5.148,10.261,0.753,70.65,0.438,-0.295,0.872,0.516,0.333,"GRC"
"Greece",2018,5.409,10.28,0.794,70.775,0.564,-0.34,0.86,0.564,0.255,"GRC"
"Greece",2019,5.952,10.3,0.891,70.9,0.614,-0.293,0.848,0.56,0.236,"GRC"
"Greece",2020,5.788,10.207,0.779,71.025,0.565,-0.246,0.764,0.629,0.322,"GRC"
"Greece",2021,6.104,10.294,0.85,71.15,0.574,-0.161,0.752,0.624,0.311,"GRC"
"Greece",2022,5.9,10.358,0.875,71.275,0.563,-0.318,0.874,0.589,0.183,"GRC"
"Greece",2023,5.796,10.387,0.818,71.4,0.589,-0.223,0.805,0.608,0.311,"GRC"
"Hungary",2005,5.194,10.103,0.93,65,0.697,NA,0.903,0.578,0.29,"HUN"
"Hungary",2007,4.954,10.147,0.931,65.32,0.538,-0.166,0.895,0.6,0.23,"HUN"
"Hungary",2009,4.895,10.092,0.901,65.64,0.464,-0.131,0.915,0.575,0.228,"HUN"
"Hungary",2010,4.725,10.105,0.896,65.8,0.514,-0.151,0.983,0.574,0.235,"HUN"
"Hungary",2011,4.918,10.127,0.894,65.96,0.631,-0.095,0.94,0.586,0.305,"HUN"
"Hungary",2012,4.683,10.119,0.906,66.12,0.569,-0.142,0.93,0.582,0.315,"HUN"
"Hungary",2013,4.914,10.14,0.877,66.28,0.674,-0.119,0.912,0.647,0.307,"HUN"
"Hungary",2014,5.181,10.184,0.845,66.44,0.494,-0.156,0.855,0.578,0.238,"HUN"
"Hungary",2015,5.344,10.223,0.859,66.6,0.558,-0.204,0.908,0.65,0.245,"HUN"
"Hungary",2016,5.449,10.248,0.9,66.75,0.554,-0.193,0.924,0.59,0.243,"HUN"
"Hungary",2017,6.065,10.292,0.877,66.9,0.661,-0.145,0.886,0.644,0.181,"HUN"
"Hungary",2018,5.936,10.346,0.941,67.05,0.693,-0.249,0.911,0.595,0.201,"HUN"
"Hungary",2019,6,10.393,0.947,67.2,0.798,-0.201,0.884,0.653,0.18,"HUN"
"Hungary",2020,6.038,10.349,0.943,67.35,0.771,-0.127,0.836,0.662,0.24,"HUN"
"Hungary",2021,6.227,10.423,0.948,67.5,0.727,-0.046,0.832,0.668,0.192,"HUN"
"Hungary",2022,5.861,10.47,0.937,67.65,0.776,-0.009,0.848,0.628,0.25,"HUN"
"Hungary",2023,5.965,10.473,0.954,67.8,0.755,-0.002,0.847,0.673,0.189,"HUN"
"Iceland",2008,6.888,10.878,0.977,71.2,0.885,0.265,0.708,0.851,0.153,"ISL"
"Iceland",2012,7.591,10.788,0.979,71.6,0.905,0.235,0.759,0.817,0.157,"ISL"
"Iceland",2013,7.501,10.823,0.967,71.7,0.923,0.299,0.713,0.802,0.156,"ISL"
"Iceland",2015,7.498,10.862,0.98,71.9,0.94,0.294,0.639,0.794,0.18,"ISL"
"Iceland",2016,7.51,10.909,0.985,71.925,0.952,0.274,0.719,0.808,0.158,"ISL"
"Iceland",2017,7.476,10.927,0.967,71.95,0.939,0.24,0.727,0.823,0.148,"ISL"
"Iceland",2019,7.533,10.943,0.982,72,0.959,NA,0.699,0.787,0.178,"ISL"
"Iceland",2020,7.575,10.852,0.983,72.025,0.949,0.152,0.644,0.808,0.172,"ISL"
"Iceland",2021,7.565,10.878,0.98,72.05,0.923,0.257,0.664,0.806,0.159,"ISL"
"Iceland",2022,7.449,10.916,0.985,72.075,0.936,0.222,0.692,0.768,0.178,"ISL"
"Iceland",2023,7.562,10.934,0.979,72.1,0.918,0.299,0.697,0.793,0.185,"ISL"
"Ireland",2006,7.144,10.985,0.967,69.62,0.943,0.235,0.473,0.815,0.209,"IRL"
"Ireland",2008,7.568,10.941,0.983,69.86,0.894,0.315,0.487,0.745,0.148,"IRL"
"Ireland",2009,7.046,10.879,0.959,69.98,0.835,0.308,0.58,0.745,0.233,"IRL"
"Ireland",2010,7.257,10.89,0.973,70.1,0.856,0.341,0.618,0.763,0.201,"IRL"
"Ireland",2011,7.007,10.894,0.977,70.22,0.952,0.376,0.59,0.786,0.19,"IRL"
"Ireland",2012,6.965,10.89,0.962,70.34,0.902,0.295,0.573,0.721,0.237,"IRL"
"Ireland",2013,6.76,10.896,0.955,70.46,0.884,0.325,0.558,0.744,0.245,"IRL"
"Ireland",2014,7.018,10.971,0.968,70.58,0.922,0.257,0.406,0.736,0.229,"IRL"
"Ireland",2015,6.83,11.18,0.953,70.7,0.892,0.226,0.409,0.748,0.225,"IRL"
"Ireland",2016,7.041,11.189,0.958,70.8,0.875,0.169,0.399,0.744,0.211,"IRL"
"Ireland",2017,7.06,11.264,0.943,70.9,0.905,0.21,0.337,0.771,0.213,"IRL"
"Ireland",2018,6.962,11.334,0.938,71,0.861,0.138,0.362,0.754,0.213,"IRL"
"Ireland",2019,7.255,11.373,0.944,71.1,0.892,0.067,0.373,0.758,0.223,"IRL"
"Ireland",2020,7.035,11.423,0.96,71.2,0.882,0,0.356,0.753,0.246,"IRL"
"Ireland",2021,6.828,11.54,0.85,71.3,0.846,0.131,0.36,0.733,0.245,"IRL"
"Ireland",2022,6.87,11.643,0.906,71.4,0.895,0.138,0.358,0.738,0.234,"IRL"
"Ireland",2023,6.817,11.676,0.921,71.5,0.903,0.182,0.373,0.742,0.245,"IRL"
"Israel",2006,7.173,10.368,0.927,71.08,0.817,NA,0.905,0.639,0.308,"ISR"
"Israel",2007,6.841,10.408,0.868,71.16,0.683,0.215,0.868,0.642,0.32,"ISR"
"Israel",2008,7.261,10.423,0.859,71.24,0.663,0.134,0.898,0.635,0.349,"ISR"
"Israel",2009,7.353,10.408,0.937,71.32,0.593,0.167,0.923,0.62,0.327,"ISR"
"Israel",2010,7.359,10.444,0.882,71.4,0.561,0.145,0.902,0.628,0.362,"ISR"
"Israel",2011,7.433,10.48,0.893,71.48,0.722,0.136,0.891,0.654,0.384,"ISR"
"Israel",2012,7.111,10.487,0.903,71.56,0.681,0.147,0.862,0.611,0.319,"ISR"
"Israel",2013,7.321,10.512,0.909,71.64,0.739,0.145,0.849,0.649,0.409,"ISR"
"Israel",2014,7.401,10.531,0.889,71.72,0.707,0.088,0.818,0.567,0.271,"ISR"
"Israel",2015,7.079,10.536,0.864,71.8,0.753,0.103,0.789,0.652,0.256,"ISR"
"Israel",2016,7.159,10.56,0.89,71.95,0.772,0.147,0.804,0.602,0.263,"ISR"
"Israel",2017,7.331,10.583,0.916,72.1,0.768,0.138,0.793,0.621,0.276,"ISR"
"Israel",2018,6.927,10.603,0.91,72.25,0.725,0.048,0.77,0.612,0.282,"ISR"
"Israel",2019,7.332,10.625,0.946,72.4,0.834,0.078,0.743,0.598,0.266,"ISR"
"Israel",2020,7.195,10.589,0.959,72.55,0.831,-0.059,0.748,0.564,0.243,"ISR"
"Israel",2021,7.578,10.655,0.917,72.7,0.82,-0.008,0.726,0.558,0.217,"ISR"
"Israel",2022,7.662,10.698,0.954,72.85,0.775,-0.007,0.655,0.583,0.183,"ISR"
"Israel",2023,6.783,10.707,0.952,73,0.797,0.146,0.636,0.484,0.516,"ISR"
"Italy",2005,6.854,10.698,0.928,70.6,0.802,NA,0.944,0.606,0.295,"ITA"
"Italy",2007,6.574,10.722,0.912,70.8,0.684,0.108,0.922,0.65,0.303,"ITA"
"Italy",2008,6.78,10.706,0.88,70.9,0.543,0.044,0.946,0.588,0.268,"ITA"
"Italy",2009,6.334,10.647,0.88,71,0.701,0.235,0.89,0.715,0.279,"ITA"
"Italy",2010,6.354,10.661,0.872,71.1,0.738,-0.065,0.921,0.535,0.236,"ITA"
"Italy",2011,6.057,10.666,0.913,71.2,0.568,-0.023,0.933,0.61,0.266,"ITA"
"Italy",2012,5.839,10.633,0.869,71.3,0.57,0.107,0.908,0.651,0.388,"ITA"
"Italy",2013,6.009,10.603,0.916,71.4,0.499,-0.108,0.943,0.702,0.357,"ITA"
"Italy",2014,6.027,10.594,0.898,71.5,0.624,-0.071,0.92,0.659,0.356,"ITA"
"Italy",2015,5.848,10.603,0.909,71.6,0.575,-0.07,0.913,0.646,0.329,"ITA"
"Italy",2016,5.955,10.617,0.927,71.675,0.624,-0.086,0.903,0.632,0.339,"ITA"
"Italy",2017,6.199,10.635,0.92,71.75,0.633,-0.041,0.867,0.613,0.323,"ITA"
"Italy",2018,6.517,10.647,0.913,71.825,0.65,-0.027,0.888,0.598,0.403,"ITA"
"Italy",2019,6.445,10.663,0.838,71.9,0.709,-0.088,0.866,0.569,0.328,"ITA"
"Italy",2020,6.488,10.574,0.89,71.975,0.718,-0.157,0.844,0.614,0.311,"ITA"
"Italy",2021,6.467,10.647,0.886,72.05,0.703,-0.096,0.862,0.634,0.318,"ITA"
"Italy",2022,6.258,10.687,0.869,72.125,0.711,0.026,0.819,0.624,0.298,"ITA"
"Italy",2023,6.245,10.703,0.851,72.2,0.699,-0.053,0.819,0.636,0.293,"ITA"
"Japan",2005,6.516,10.552,0.928,72.4,0.868,NA,0.699,0.686,0.153,"JPN"
"Japan",2007,6.238,10.578,0.938,72.64,0.796,-0.097,0.809,0.683,0.207,"JPN"
"Japan",2008,5.911,10.566,0.887,72.76,0.772,-0.142,0.816,0.705,0.191,"JPN"
"Japan",2009,5.845,10.507,0.888,72.88,0.73,-0.217,0.74,0.713,0.169,"JPN"
"Japan",2010,6.057,10.547,0.902,73,0.772,-0.147,0.77,0.779,0.188,"JPN"
"Japan",2011,6.263,10.549,0.917,73.12,0.814,-0.059,0.734,0.714,0.181,"JPN"
"Japan",2012,5.968,10.565,0.905,73.24,0.753,NA,0.692,0.708,0.171,"JPN"
"Japan",2013,5.959,10.586,0.924,73.36,0.821,-0.154,0.65,0.719,0.175,"JPN"
"Japan",2014,5.923,10.59,0.9,73.48,0.838,-0.146,0.617,0.687,0.189,"JPN"
"Japan",2015,5.88,10.607,0.923,73.6,0.832,-0.162,0.654,0.702,0.176,"JPN"
"Japan",2016,5.955,10.615,0.9,73.725,0.836,-0.069,0.698,0.69,0.192,"JPN"
"Japan",2017,5.911,10.632,0.882,73.85,0.849,-0.213,0.659,0.692,0.176,"JPN"
"Japan",2018,5.794,10.64,0.886,73.975,0.773,-0.268,0.687,0.649,0.185,"JPN"
"Japan",2019,5.908,10.637,0.878,74.1,0.806,-0.261,0.617,0.693,0.194,"JPN"
"Japan",2020,6.118,10.596,0.887,74.225,0.806,-0.266,0.609,0.681,0.186,"JPN"
"Japan",2021,6.091,10.622,0.896,74.35,0.801,-0.213,0.67,0.674,0.189,"JPN"
"Japan",2022,6.178,10.637,0.899,74.475,0.789,-0.237,0.643,0.67,0.165,"JPN"
"Japan",2023,5.91,10.654,0.842,74.6,0.777,-0.222,0.594,0.638,0.178,"JPN"
"Latvia",2006,4.71,10.042,0.884,63.1,0.641,-0.236,0.937,0.59,0.234,"LVA"
"Latvia",2007,4.667,10.145,0.836,63.4,0.7,-0.173,0.924,0.594,0.247,"LVA"
"Latvia",2008,5.145,10.123,0.855,63.7,0.63,-0.21,0.926,0.633,0.215,"LVA"
"Latvia",2009,4.669,9.985,0.807,64,0.437,-0.187,0.942,0.537,0.242,"LVA"
"Latvia",2011,4.967,10.004,0.836,64.6,0.564,-0.006,0.934,0.563,0.222,"LVA"
"Latvia",2012,5.125,10.085,0.851,64.9,0.564,-0.044,0.895,0.588,0.232,"LVA"
"Latvia",2013,5.07,10.115,0.834,65.2,0.631,-0.079,0.837,0.605,0.227,"LVA"
"Latvia",2014,5.729,10.143,0.881,65.5,0.671,-0.049,0.804,0.605,0.226,"LVA"
"Latvia",2015,5.881,10.19,0.879,65.8,0.656,-0.084,0.808,0.559,0.228,"LVA"
"Latvia",2016,5.94,10.222,0.917,65.9,0.685,-0.163,0.868,0.583,0.231,"LVA"
"Latvia",2017,5.978,10.264,0.895,66,0.7,-0.161,0.798,0.565,0.232,"LVA"
"Latvia",2018,5.901,10.311,0.913,66.1,0.608,-0.218,0.799,0.521,0.192,"LVA"
"Latvia",2019,5.97,10.343,0.936,66.2,0.698,-0.2,0.789,0.537,0.212,"LVA"
"Latvia",2020,6.229,10.328,0.928,66.3,0.82,-0.086,0.809,0.674,0.202,"LVA"
"Latvia",2021,6.353,10.376,0.954,66.4,0.815,-0.104,0.84,0.716,0.186,"LVA"
"Latvia",2022,6.055,10.396,0.928,66.5,0.817,0.018,0.844,0.632,0.161,"LVA"
"Latvia",2023,6.296,10.408,0.932,66.6,0.816,0.059,0.8,0.671,0.257,"LVA"
"Lithuania",2006,5.954,10.042,0.93,63.5,0.567,-0.301,0.967,0.567,0.254,"LTU"
"Lithuania",2007,5.808,10.16,0.941,63.7,0.59,-0.287,0.966,0.523,0.279,"LTU"
"Lithuania",2008,5.554,10.196,0.914,63.9,0.621,-0.265,0.961,0.501,0.276,"LTU"
"Lithuania",2009,5.467,10.046,0.933,64.1,0.496,-0.309,0.979,0.525,0.271,"LTU"
"Lithuania",2010,5.066,10.083,0.882,64.3,0.519,-0.281,0.962,0.463,0.272,"LTU"
"Lithuania",2011,5.432,10.165,0.911,64.5,0.566,-0.154,0.964,0.556,0.275,"LTU"
"Lithuania",2012,5.771,10.216,0.919,64.7,0.503,-0.279,0.957,0.557,0.277,"LTU"
"Lithuania",2013,5.596,10.261,0.913,64.9,0.556,-0.242,0.936,0.54,0.294,"LTU"
"Lithuania",2014,6.126,10.304,0.908,65.1,0.508,-0.269,0.956,0.565,0.287,"LTU"
"Lithuania",2015,5.711,10.334,0.929,65.3,0.641,-0.259,0.924,0.534,0.276,"LTU"
"Lithuania",2016,5.866,10.371,0.938,65.65,0.614,-0.272,0.949,0.553,0.25,"LTU"
"Lithuania",2017,6.273,10.427,0.926,66,0.749,-0.179,0.79,0.59,0.195,"LTU"
"Lithuania",2018,6.309,10.476,0.929,66.35,0.699,-0.243,0.852,0.518,0.214,"LTU"
"Lithuania",2019,6.064,10.524,0.918,66.7,0.78,-0.258,0.783,0.568,0.276,"LTU"
"Lithuania",2020,6.391,10.523,0.953,67.05,0.824,-0.129,0.829,0.626,0.202,"LTU"
"Lithuania",2021,6.865,10.579,0.928,67.4,0.707,-0.121,0.878,0.667,0.191,"LTU"
"Lithuania",2022,7.038,10.586,0.937,67.75,0.71,-0.192,0.685,0.471,0.132,"LTU"
"Lithuania",2023,6.553,10.575,0.881,68.1,0.734,-0.232,0.751,0.493,0.201,"LTU"
"Luxembourg",2009,6.958,11.628,0.939,70.3,0.939,0.116,0.432,0.713,0.238,"LUX"
"Luxembourg",2010,7.097,11.647,0.952,70.5,0.908,0.086,0.423,0.718,0.216,"LUX"
"Luxembourg",2011,7.101,11.635,0.934,70.7,0.962,0.097,0.388,0.744,0.2,"LUX"
"Luxembourg",2012,6.964,11.627,0.914,70.9,0.917,0.048,0.403,0.726,0.227,"LUX"
"Luxembourg",2013,7.131,11.636,0.917,71.1,0.79,-0.065,0.301,0.601,0.185,"LUX"
"Luxembourg",2014,6.891,11.638,0.875,71.3,0.938,0.097,0.366,0.76,0.17,"LUX"
"Luxembourg",2015,6.702,11.637,0.934,71.5,0.932,0.044,0.375,0.728,0.193,"LUX"
"Luxembourg",2016,6.967,11.664,0.941,71.525,0.882,0.011,0.356,0.706,0.192,"LUX"
"Luxembourg",2017,7.061,11.653,0.905,71.55,0.903,0.036,0.33,0.726,0.184,"LUX"
"Luxembourg",2018,7.243,11.645,0.902,71.575,0.884,-0.028,0.385,0.715,0.202,"LUX"
"Luxembourg",2019,7.404,11.649,0.912,71.6,0.93,-0.051,0.39,0.742,0.212,"LUX"
"Luxembourg",2022,7.228,11.657,0.878,71.675,0.915,0.023,0.345,0.718,0.218,"LUX"
"Luxembourg",2023,7.016,11.649,0.879,71.7,0.911,0.033,0.343,0.751,0.194,"LUX"
"Mexico",2005,6.581,9.792,0.903,64.4,0.814,NA,0.764,0.763,0.219,"MEX"
"Mexico",2007,6.525,9.831,0.879,64.68,0.67,-0.101,0.747,0.754,0.248,"MEX"
"Mexico",2008,6.829,9.83,0.876,64.82,0.677,-0.134,0.785,0.774,0.201,"MEX"
"Mexico",2009,6.963,9.764,0.868,64.96,0.682,-0.082,0.764,0.763,0.196,"MEX"
"Mexico",2010,6.802,9.8,0.876,65.1,0.778,-0.055,0.693,0.745,0.215,"MEX"
"Mexico",2011,6.91,9.822,0.824,65.24,0.831,-0.106,0.698,0.7,0.228,"MEX"
"Mexico",2012,7.32,9.844,0.767,65.38,0.788,-0.099,0.633,0.722,0.278,"MEX"
"Mexico",2013,7.443,9.844,0.759,65.52,0.739,-0.171,0.615,0.75,0.223,"MEX"
"Mexico",2014,6.68,9.86,0.782,65.66,0.779,-0.101,0.63,0.76,0.229,"MEX"
"Mexico",2015,6.236,9.88,0.761,65.8,0.719,-0.158,0.708,0.706,0.237,"MEX"
"Mexico",2016,6.824,9.895,0.893,65.8,0.752,-0.16,0.809,0.802,0.22,"MEX"
"Mexico",2017,6.41,9.905,0.8,65.8,0.861,-0.208,0.801,0.775,0.231,"MEX"
"Mexico",2018,6.55,9.917,0.858,65.8,0.816,-0.186,0.809,0.815,0.213,"MEX"
"Mexico",2019,6.432,9.907,0.852,65.8,0.903,-0.148,0.809,0.803,0.252,"MEX"
"Mexico",2020,5.964,9.816,0.779,65.8,0.873,-0.128,0.778,0.745,0.292,"MEX"
"Mexico",2021,5.991,9.857,0.779,65.8,0.837,-0.037,0.745,0.75,0.305,"MEX"
"Mexico",2022,7.038,9.881,0.858,65.8,0.861,-0.123,0.78,0.818,0.205,"MEX"
"Mexico",2023,7.006,9.9,0.868,65.8,0.87,-0.124,0.756,0.809,0.233,"MEX"
"Netherlands",2005,7.464,10.809,0.947,70.7,0.901,NA,0.571,0.701,0.233,"NLD"
"Netherlands",2007,7.452,10.876,0.944,70.78,0.896,0.339,0.445,0.718,0.213,"NLD"
"Netherlands",2008,7.631,10.894,0.944,70.82,0.883,0.359,0.419,0.679,0.182,"NLD"
"Netherlands",2010,7.502,10.86,0.957,70.9,0.921,0.344,0.399,0.745,0.206,"NLD"
"Netherlands",2011,7.564,10.87,0.938,70.94,0.925,0.33,0.359,0.77,0.181,"NLD"
"Netherlands",2012,7.471,10.856,0.939,70.98,0.877,0.282,0.434,0.753,0.226,"NLD"
"Netherlands",2013,7.407,10.852,0.925,71.02,0.919,0.299,0.505,0.765,0.235,"NLD"
"Netherlands",2014,7.321,10.863,0.909,71.06,0.91,0.326,0.457,0.776,0.221,"NLD"
"Netherlands",2015,7.324,10.878,0.879,71.1,0.904,0.256,0.412,0.742,0.202,"NLD"
"Netherlands",2016,7.541,10.894,0.926,71.175,0.907,0.233,0.433,0.737,0.215,"NLD"
"Netherlands",2017,7.459,10.917,0.937,71.25,0.92,0.245,0.363,0.729,0.185,"NLD"
"Netherlands",2018,7.463,10.934,0.939,71.325,0.92,0.156,0.371,0.748,0.205,"NLD"
"Netherlands",2019,7.425,10.947,0.941,71.4,0.886,0.207,0.36,0.728,0.231,"NLD"
"Netherlands",2020,7.504,10.902,0.944,71.475,0.935,0.145,0.281,0.691,0.247,"NLD"
"Netherlands",2021,7.314,10.944,0.919,71.55,0.856,0.266,0.397,0.714,0.201,"NLD"
"Netherlands",2022,7.39,10.978,0.929,71.625,0.868,0.223,0.459,0.711,0.198,"NLD"
"Netherlands",2023,7.255,10.977,0.915,71.7,0.847,0.223,0.424,0.693,0.202,"NLD"
"New Zealand",2006,7.305,10.541,0.946,69.72,0.932,0.304,0.224,0.825,0.219,"NZL"
"New Zealand",2007,7.604,10.562,0.967,69.74,0.878,0.272,0.295,0.803,0.238,"NZL"
"New Zealand",2008,7.381,10.541,0.944,69.76,0.893,0.291,0.334,0.784,0.232,"NZL"
"New Zealand",2010,7.224,10.534,0.976,69.8,0.918,0.247,0.321,0.783,0.235,"NZL"
"New Zealand",2011,7.191,10.548,0.954,69.82,0.935,0.278,0.269,0.784,0.21,"NZL"
"New Zealand",2012,7.25,10.565,0.93,69.84,0.902,0.28,0.289,0.786,0.207,"NZL"
"New Zealand",2013,7.28,10.585,0.958,69.86,0.944,0.23,0.312,0.778,0.151,"NZL"
"New Zealand",2014,7.306,10.605,0.942,69.88,0.932,0.341,0.273,0.807,0.199,"NZL"
"New Zealand",2015,7.418,10.622,0.987,69.9,0.942,0.322,0.186,0.795,0.16,"NZL"
"New Zealand",2016,7.226,10.637,0.937,69.975,0.927,0.259,0.278,0.777,0.207,"NZL"
"New Zealand",2017,7.327,10.65,0.955,70.05,0.942,0.287,0.222,0.763,0.172,"NZL"
"New Zealand",2018,7.37,10.667,0.954,70.125,0.949,0.113,0.207,0.785,0.168,"NZL"
"New Zealand",2019,7.205,10.675,0.939,70.2,0.912,0.15,0.234,0.765,0.191,"NZL"
"New Zealand",2020,7.257,10.647,0.952,70.275,0.918,0.116,0.283,0.796,0.209,"NZL"
"New Zealand",2021,7.137,10.693,0.95,70.35,0.91,0.216,0.252,0.747,0.206,"NZL"
"New Zealand",2022,6.975,10.712,0.956,70.425,0.831,0.183,0.281,0.706,0.21,"NZL"
"New Zealand",2023,6.976,10.72,0.933,70.5,0.877,0.181,0.304,0.738,0.229,"NZL"
"Norway",2006,7.416,11.056,0.959,69.4,0.96,0.101,0.397,0.767,0.197,"NOR"
"Norway",2008,7.632,11.066,0.936,69.8,0.947,0.01,0.503,0.763,0.155,"NOR"
"Norway",2012,7.678,11.041,0.948,70.6,0.947,0.139,0.368,0.798,0.213,"NOR"
"Norway",2014,7.444,11.048,0.941,71,0.956,0.173,0.405,0.802,0.194,"NOR"
"Norway",2015,7.603,11.057,0.947,71.2,0.948,0.249,0.299,0.796,0.209,"NOR"
"Norway",2016,7.596,11.06,0.96,71.25,0.954,0.125,0.41,0.809,0.209,"NOR"
"Norway",2017,7.579,11.076,0.95,71.3,0.953,0.228,0.25,0.8,0.203,"NOR"
"Norway",2018,7.444,11.077,0.966,71.35,0.96,0.086,0.268,0.786,0.212,"NOR"
"Norway",2019,7.442,11.082,0.942,71.4,0.954,0.103,0.271,0.782,0.195,"NOR"
"Norway",2020,7.29,11.063,0.956,71.45,0.965,0.068,0.271,0.777,0.216,"NOR"
"Norway",2021,7.362,11.096,0.948,71.5,0.936,0.166,0.263,0.769,0.207,"NOR"
"Norway",2022,7.295,11.119,0.927,71.55,0.939,0.182,0.314,0.759,0.211,"NOR"
"Norway",2023,7.249,11.125,0.952,71.6,0.938,0.219,0.245,0.756,0.228,"NOR"
"Poland",2005,5.587,9.844,0.922,66.2,0.782,NA,0.983,0.611,0.282,"POL"
"Poland",2007,5.886,9.973,0.913,66.56,0.772,-0.053,0.925,0.665,0.238,"POL"
"Poland",2009,5.772,10.041,0.917,66.92,0.821,0.068,0.898,0.649,0.246,"POL"
"Poland",2010,5.887,10.073,0.955,67.1,0.795,-0.003,0.905,0.686,0.234,"POL"
"Poland",2011,5.646,10.122,0.905,67.28,0.868,-0.072,0.908,0.659,0.224,"POL"
"Poland",2012,5.876,10.137,0.936,67.46,0.811,-0.032,0.888,0.711,0.267,"POL"
"Poland",2013,5.746,10.146,0.912,67.64,0.776,-0.142,0.916,0.675,0.242,"POL"
"Poland",2014,5.75,10.184,0.924,67.82,0.875,-0.069,0.898,0.681,0.223,"POL"
"Poland",2015,6.007,10.228,0.893,68,0.793,-0.098,0.81,0.631,0.24,"POL"
"Poland",2016,6.162,10.258,0.917,68.175,0.871,-0.096,0.848,0.666,0.224,"POL"
"Poland",2017,6.201,10.308,0.882,68.35,0.831,-0.127,0.639,0.566,0.203,"POL"
"Poland",2018,6.111,10.365,0.863,68.525,0.87,-0.26,0.72,0.622,0.176,"POL"
"Poland",2019,6.242,10.409,0.878,68.7,0.883,-0.237,0.696,0.613,0.168,"POL"
"Poland",2020,6.139,10.39,0.953,68.875,0.767,-0.014,0.787,0.677,0.329,"POL"
"Poland",2021,5.978,10.461,0.936,69.05,0.732,0.122,0.744,0.7,0.277,"POL"
"Poland",2022,6.666,10.513,0.886,69.225,0.8,-0.209,0.667,0.594,0.14,"POL"
"Poland",2023,6.685,10.527,0.89,69.4,0.775,-0.232,0.662,0.556,0.155,"POL"
"Portugal",2006,5.405,10.359,0.905,68.34,0.882,-0.184,0.88,0.647,0.333,"PRT"
"Portugal",2008,5.717,10.383,0.886,68.82,0.646,-0.223,0.933,0.667,0.309,"PRT"
"Portugal",2010,5.095,10.367,0.864,69.3,0.721,-0.112,0.948,0.681,0.265,"PRT"
"Portugal",2011,5.22,10.352,0.856,69.54,0.875,-0.179,0.962,0.671,0.279,"PRT"
"Portugal",2012,4.994,10.314,0.866,69.78,0.774,-0.103,0.959,0.631,0.37,"PRT"
"Portugal",2013,5.158,10.31,0.867,70.02,0.788,-0.124,0.946,0.665,0.348,"PRT"
"Portugal",2014,5.127,10.324,0.862,70.26,0.847,-0.132,0.941,0.663,0.358,"PRT"
"Portugal",2015,5.081,10.346,0.866,70.5,0.8,-0.169,0.941,0.629,0.371,"PRT"
"Portugal",2016,5.447,10.369,0.905,70.625,0.838,-0.231,0.922,0.659,0.326,"PRT"
"Portugal",2017,5.711,10.406,0.9,70.75,0.905,-0.182,0.881,0.608,0.294,"PRT"
"Portugal",2018,5.92,10.435,0.887,70.875,0.877,-0.267,0.88,0.646,0.318,"PRT"
"Portugal",2019,6.095,10.462,0.876,71,0.882,-0.24,0.915,0.675,0.3,"PRT"
"Portugal",2020,5.768,10.374,0.875,71.125,0.913,-0.244,0.867,0.614,0.383,"PRT"
"Portugal",2021,6.183,10.425,0.895,71.25,0.892,-0.211,0.872,0.629,0.284,"PRT"
"Portugal",2022,5.953,10.484,0.862,71.375,0.903,-0.139,0.893,0.638,0.316,"PRT"
"Portugal",2023,5.954,10.504,0.895,71.5,0.847,-0.176,0.889,0.661,0.309,"PRT"
"Slovakia",2006,5.265,9.989,0.954,65.62,0.542,-0.054,0.946,0.586,0.308,"SVK"
"Slovakia",2010,6.052,10.152,0.92,66.5,0.636,-0.106,0.907,0.603,0.277,"SVK"
"Slovakia",2011,5.945,10.177,0.917,66.72,0.727,0.006,0.907,0.588,0.287,"SVK"
"Slovakia",2012,5.911,10.188,0.926,66.94,0.62,-0.032,0.907,0.585,0.302,"SVK"
"Slovakia",2013,5.937,10.193,0.909,67.16,0.598,-0.055,0.915,0.612,0.277,"SVK"
"Slovakia",2014,6.139,10.219,0.924,67.38,0.635,-0.13,0.914,0.619,0.267,"SVK"
"Slovakia",2015,6.162,10.268,0.943,67.6,0.587,-0.132,0.928,0.632,0.269,"SVK"
"Slovakia",2016,5.993,10.286,0.945,67.825,0.7,-0.065,0.917,0.688,0.232,"SVK"
"Slovakia",2017,6.366,10.314,0.913,68.05,0.714,-0.059,0.92,0.709,0.213,"SVK"
"Slovakia",2018,6.235,10.352,0.922,68.275,0.758,-0.172,0.91,0.67,0.253,"SVK"
"Slovakia",2019,6.243,10.375,0.933,68.5,0.771,-0.133,0.926,0.676,0.252,"SVK"
"Slovakia",2020,6.519,10.34,0.954,68.725,0.762,-0.081,0.901,0.695,0.274,"SVK"
"Slovakia",2021,6.419,10.39,0.951,68.95,0.742,0.042,0.896,0.692,0.241,"SVK"
"Slovakia",2022,6.091,10.409,0.961,69.175,0.732,-0.129,0.841,0.665,0.263,"SVK"
"Slovakia",2023,6.261,10.425,0.941,69.4,0.753,-0.136,0.825,0.647,0.235,"SVK"
"Slovenia",2006,5.811,10.399,0.936,68.56,0.936,0.037,0.708,0.608,0.307,"SVN"
"Slovenia",2009,5.83,10.406,0.919,69.04,0.896,-0.025,0.804,0.583,0.303,"SVN"
"Slovenia",2010,6.083,10.415,0.917,69.2,0.896,0.024,0.845,0.592,0.295,"SVN"
"Slovenia",2011,6.036,10.421,0.931,69.36,0.907,-0.031,0.893,0.587,0.285,"SVN"
"Slovenia",2012,6.063,10.392,0.925,69.52,0.904,-0.025,0.891,0.598,0.284,"SVN"
"Slovenia",2013,5.975,10.381,0.932,69.68,0.89,0.03,0.918,0.625,0.274,"SVN"
"Slovenia",2014,5.678,10.407,0.908,69.84,0.888,0.047,0.909,0.594,0.291,"SVN"
"Slovenia",2015,5.741,10.428,0.901,70,0.896,0.002,0.892,0.644,0.261,"SVN"
"Slovenia",2016,5.937,10.459,0.934,70.175,0.904,-0.06,0.838,0.597,0.272,"SVN"
"Slovenia",2017,6.167,10.505,0.928,70.35,0.921,-0.031,0.829,0.582,0.286,"SVN"
"Slovenia",2018,6.249,10.545,0.941,70.525,0.942,-0.125,0.839,0.601,0.275,"SVN"
"Slovenia",2019,6.665,10.572,0.949,70.7,0.945,-0.108,0.785,0.622,0.228,"SVN"
"Slovenia",2020,6.462,10.521,0.953,70.875,0.958,-0.09,0.797,0.575,0.314,"SVN"
"Slovenia",2021,6.761,10.598,0.955,71.05,0.851,0.026,0.754,0.643,0.261,"SVN"
"Slovenia",2022,6.723,10.65,0.942,71.225,0.93,0.099,0.762,0.625,0.242,"SVN"
"Slovenia",2023,6.746,10.664,0.911,71.4,0.931,0.031,0.75,0.615,0.256,"SVN"
"South Korea",2006,5.332,10.309,0.775,70.02,0.715,-0.058,0.799,0.545,0.338,"KOR"
"South Korea",2007,5.767,10.36,0.827,70.24,0.656,-0.065,0.803,0.612,0.226,"KOR"
"South Korea",2008,5.39,10.382,0.754,70.46,0.524,-0.108,0.771,0.554,0.239,"KOR"
"South Korea",2009,5.648,10.385,0.811,70.68,0.6,-0.102,0.787,0.596,0.209,"KOR"
"South Korea",2010,6.116,10.446,0.816,70.9,0.677,-0.039,0.752,0.626,0.13,"KOR"
"South Korea",2011,6.947,10.474,0.809,71.12,0.682,-0.054,0.827,0.587,0.168,"KOR"
"South Korea",2012,6.003,10.493,0.775,71.34,0.618,NA,0.844,0.61,0.206,"KOR"
"South Korea",2013,5.959,10.519,0.797,71.56,0.642,-0.056,0.832,0.589,0.189,"KOR"
"South Korea",2014,5.801,10.544,0.738,71.78,0.623,-0.049,0.834,0.575,0.283,"KOR"
"South Korea",2015,5.78,10.567,0.768,72,0.616,-0.041,0.841,0.561,0.244,"KOR"
"South Korea",2016,5.971,10.592,0.811,72.275,0.591,0.02,0.862,0.583,0.233,"KOR"
"South Korea",2017,5.874,10.62,0.807,72.55,0.538,0.008,0.851,0.546,0.235,"KOR"
"South Korea",2018,5.84,10.645,0.798,72.825,0.6,-0.095,0.797,0.579,0.217,"KOR"
"South Korea",2019,5.903,10.663,0.783,73.1,0.706,-0.061,0.718,0.593,0.236,"KOR"
"South Korea",2020,5.793,10.655,0.808,73.375,0.711,-0.112,0.665,0.55,0.247,"KOR"
"South Korea",2021,6.113,10.697,0.811,73.65,0.717,-0.033,0.685,0.566,0.221,"KOR"
"South Korea",2022,5.95,10.725,0.81,73.925,0.723,0.002,0.747,0.585,0.233,"KOR"
"South Korea",2023,6.112,10.742,0.799,74.2,0.762,-0.004,0.714,0.603,0.245,"KOR"
"Spain",2005,7.153,10.544,0.961,70.4,0.916,NA,0.777,0.694,0.241,"ESP"
"Spain",2007,6.995,10.585,0.957,70.64,0.782,-0.099,0.784,0.717,0.264,"ESP"
"Spain",2008,7.294,10.577,0.948,70.76,0.834,-0.155,0.683,0.649,0.26,"ESP"
"Spain",2009,6.199,10.53,0.929,70.88,0.749,-0.133,0.798,0.645,0.336,"ESP"
"Spain",2010,6.188,10.527,0.95,71,0.796,-0.144,0.84,0.645,0.322,"ESP"
"Spain",2011,6.518,10.516,0.944,71.12,0.819,-0.128,0.846,0.667,0.356,"ESP"
"Spain",2012,6.291,10.485,0.937,71.24,0.755,-0.065,0.844,0.644,0.366,"ESP"
"Spain",2013,6.15,10.474,0.929,71.36,0.759,-0.107,0.916,0.663,0.372,"ESP"
"Spain",2014,6.456,10.491,0.948,71.48,0.738,-0.034,0.854,0.683,0.335,"ESP"
"Spain",2015,6.381,10.529,0.956,71.6,0.732,-0.078,0.822,0.705,0.285,"ESP"
"Spain",2016,6.319,10.558,0.942,71.725,0.768,-0.054,0.819,0.63,0.301,"ESP"
"Spain",2017,6.23,10.585,0.903,71.85,0.756,-0.038,0.791,0.601,0.302,"ESP"
"Spain",2018,6.513,10.604,0.91,71.975,0.722,-0.081,0.777,0.636,0.357,"ESP"
"Spain",2019,6.457,10.616,0.949,72.1,0.778,-0.054,0.73,0.636,0.316,"ESP"
"Spain",2020,6.502,10.491,0.935,72.225,0.783,-0.127,0.73,0.671,0.317,"ESP"
"Spain",2021,6.47,10.544,0.926,72.35,0.782,-0.076,0.729,0.639,0.324,"ESP"
"Spain",2022,6.337,10.592,0.934,72.475,0.781,-0.001,0.673,0.636,0.32,"ESP"
"Spain",2023,6.456,10.609,0.912,72.6,0.779,-0.004,0.675,0.655,0.325,"ESP"
"Sweden",2005,7.376,10.724,0.951,71,0.964,NA,NA,0.742,0.151,"SWE"
"Sweden",2007,7.241,10.791,0.917,71.08,0.91,0.141,0.289,0.735,0.177,"SWE"
"Sweden",2008,7.516,10.778,0.923,71.12,0.912,0.12,0.314,0.763,0.134,"SWE"
"Sweden",2009,7.266,10.725,0.903,71.16,0.864,0.216,0.292,0.761,0.151,"SWE"
"Sweden",2010,7.496,10.775,0.97,71.2,0.905,0.136,0.253,0.788,0.2,"SWE"
"Sweden",2011,7.382,10.799,0.921,71.24,0.941,0.156,0.269,0.762,0.179,"SWE"
"Sweden",2012,7.56,10.785,0.929,71.28,0.944,0.127,0.254,0.796,0.17,"SWE"
"Sweden",2013,7.434,10.789,0.916,71.32,0.936,0.154,0.324,0.782,0.184,"SWE"
"Sweden",2014,7.239,10.805,0.933,71.36,0.945,0.197,0.25,0.793,0.208,"SWE"
"Sweden",2015,7.289,10.838,0.929,71.4,0.935,0.206,0.232,0.766,0.191,"SWE"
"Sweden",2016,7.369,10.846,0.912,71.525,0.918,0.141,0.246,0.752,0.201,"SWE"
"Sweden",2017,7.287,10.858,0.914,71.65,0.935,0.165,0.239,0.756,0.175,"SWE"
"Sweden",2018,7.375,10.866,0.931,71.775,0.942,0.072,0.263,0.747,0.161,"SWE"
"Sweden",2019,7.398,10.875,0.934,71.9,0.942,0.085,0.25,0.775,0.202,"SWE"
"Sweden",2020,7.314,10.846,0.936,72.025,0.951,0.084,0.203,0.717,0.222,"SWE"
"Sweden",2021,7.439,10.893,0.932,72.15,0.953,0.172,0.191,0.763,0.19,"SWE"
"Sweden",2022,7.431,10.912,0.949,72.275,0.939,0.232,0.213,0.75,0.163,"SWE"
"Sweden",2023,7.161,10.902,0.927,72.4,0.926,0.147,0.253,0.739,0.194,"SWE"
"Switzerland",2006,7.473,11.056,0.951,71.16,0.919,0.284,0.408,0.742,0.212,"CHE"
"Switzerland",2009,7.525,11.065,0.938,71.34,0.891,0.118,0.342,0.741,0.202,"CHE"
"Switzerland",2012,7.776,11.094,0.947,71.52,0.945,0.131,0.323,0.793,0.176,"CHE"
"Switzerland",2014,7.493,11.111,0.959,71.64,0.949,0.053,0.283,0.788,0.189,"CHE"
"Switzerland",2015,7.572,11.116,0.938,71.7,0.928,0.102,0.21,0.794,0.166,"CHE"
"Switzerland",2016,7.459,11.126,0.928,71.9,0.934,0.081,0.302,0.758,0.206,"CHE"
"Switzerland",2017,7.474,11.13,0.95,72.1,0.925,0.173,0.316,0.734,0.196,"CHE"
"Switzerland",2018,7.509,11.151,0.93,72.3,0.926,0.094,0.301,0.756,0.192,"CHE"
"Switzerland",2019,7.694,11.155,0.949,72.5,0.913,0.029,0.294,0.743,0.171,"CHE"
"Switzerland",2020,7.508,11.124,0.946,72.7,0.917,-0.073,0.28,0.73,0.193,"CHE"
"Switzerland",2021,7.328,11.158,0.934,72.9,0.908,0.024,0.287,0.747,0.183,"CHE"
"Switzerland",2022,6.884,11.17,0.881,73.1,0.848,0.128,0.235,0.71,0.18,"CHE"
"Switzerland",2023,6.969,11.169,0.904,73.3,0.891,0.104,0.247,0.745,0.185,"CHE"
"Türkiye",2005,4.719,9.8,0.82,66.1,0.623,NA,0.877,0.479,NA,"TUR"
"Türkiye",2007,5.623,9.891,0.792,66.42,0.459,-0.183,0.8,0.592,0.395,"TUR"
"Türkiye",2008,5.118,9.887,0.645,66.58,0.415,-0.194,0.785,0.51,0.345,"TUR"
"Türkiye",2009,5.213,9.825,0.755,66.74,0.456,-0.232,0.853,0.454,0.316,"TUR"
"Türkiye",2010,5.49,9.893,0.795,66.9,0.515,-0.192,0.811,0.532,0.327,"TUR"
"Türkiye",2011,5.272,9.986,0.692,67.06,0.446,-0.247,0.649,0.512,0.38,"TUR"
"Türkiye",2012,5.309,10.018,0.739,67.22,0.471,-0.221,0.702,0.506,0.335,"TUR"
"Türkiye",2013,4.888,10.082,0.795,67.38,0.541,-0.235,0.698,0.551,0.392,"TUR"
"Türkiye",2014,5.58,10.111,0.863,67.54,0.649,-0.029,0.764,0.41,0.377,"TUR"
"Türkiye",2015,5.514,10.15,0.851,67.7,0.653,-0.021,0.806,0.391,0.382,"TUR"
"Türkiye",2016,5.326,10.166,0.88,67.875,0.644,-0.07,0.764,0.414,0.39,"TUR"
"Türkiye",2017,5.607,10.225,0.876,68.05,0.644,-0.242,0.671,0.393,0.313,"TUR"
"Türkiye",2018,5.186,10.246,0.847,68.225,0.529,-0.181,0.805,0.379,0.351,"TUR"
"Türkiye",2019,4.872,10.245,0.792,68.4,0.631,-0.141,0.76,0.347,0.368,"TUR"
"Türkiye",2020,4.862,10.257,0.857,68.575,0.51,-0.119,0.774,0.332,0.44,"TUR"
"Türkiye",2021,4.367,10.357,0.736,68.75,0.447,-0.039,0.81,0.297,0.471,"TUR"
"Türkiye",2022,5.093,10.404,0.83,68.925,0.47,-0.195,0.767,0.311,0.39,"TUR"
"Türkiye",2023,5.463,10.429,0.86,69.1,0.523,-0.159,0.748,0.344,0.349,"TUR"
"United Kingdom",2005,6.984,10.661,0.979,69.1,0.922,NA,0.398,0.779,0.262,"GBR"
"United Kingdom",2007,6.802,10.693,0.97,69.22,0.838,0.331,0.498,0.686,0.241,"GBR"
"United Kingdom",2008,6.986,10.684,0.954,69.28,0.759,0.325,0.548,0.724,0.218,"GBR"
"United Kingdom",2009,6.907,10.63,0.964,69.34,0.816,0.336,0.559,0.739,0.231,"GBR"
"United Kingdom",2010,7.029,10.646,0.955,69.4,0.841,0.397,0.587,0.753,0.176,"GBR"
"United Kingdom",2011,6.869,10.649,0.949,69.46,0.9,0.331,0.438,0.742,0.174,"GBR"
"United Kingdom",2012,6.881,10.656,0.935,69.52,0.889,0.366,0.425,0.739,0.184,"GBR"
"United Kingdom",2013,6.918,10.668,0.937,69.58,0.905,0.341,0.568,0.719,0.252,"GBR"
"United Kingdom",2014,6.758,10.692,0.91,69.64,0.857,0.349,0.484,0.74,0.251,"GBR"
"United Kingdom",2015,6.515,10.707,0.936,69.7,0.833,0.294,0.456,0.74,0.219,"GBR"
"United Kingdom",2016,6.824,10.721,0.954,69.8,0.821,0.244,0.458,0.732,0.23,"GBR"
"United Kingdom",2017,7.103,10.739,0.937,69.9,0.813,0.285,0.419,0.712,0.21,"GBR"
"United Kingdom",2018,7.233,10.75,0.928,70,0.838,0.22,0.404,0.736,0.228,"GBR"
"United Kingdom",2019,7.157,10.76,0.943,70.1,0.854,0.264,0.485,0.739,0.251,"GBR"
"United Kingdom",2020,6.798,10.639,0.929,70.2,0.885,0.196,0.49,0.717,0.225,"GBR"
"United Kingdom",2021,6.867,10.713,0.854,70.3,0.815,0.252,0.448,0.684,0.266,"GBR"
"United Kingdom",2022,6.722,10.754,0.863,70.4,0.857,0.308,0.426,0.723,0.27,"GBR"
"United Kingdom",2023,6.658,10.759,0.886,70.5,0.874,0.27,0.49,0.719,0.272,"GBR"
"United States",2006,7.182,10.921,0.965,66.78,0.911,NA,0.6,0.775,0.261,"USA"
"United States",2007,7.513,10.931,NA,66.76,0.872,0.191,0.633,0.756,0.232,"USA"
"United States",2008,7.28,10.923,0.953,66.74,0.878,0.249,0.668,0.774,0.227,"USA"
"United States",2009,7.158,10.888,0.912,66.72,0.831,0.195,0.665,0.753,0.262,"USA"
"United States",2010,7.164,10.906,0.926,66.7,0.828,0.238,0.69,0.776,0.231,"USA"
"United States",2011,7.115,10.914,0.922,66.68,0.863,0.155,0.697,0.737,0.273,"USA"
"United States",2012,7.026,10.929,0.903,66.66,0.823,0.208,0.71,0.765,0.26,"USA"
"United States",2013,7.249,10.941,0.925,66.64,0.792,0.268,0.747,0.776,0.26,"USA"
"United States",2014,7.151,10.956,0.902,66.62,0.866,0.215,0.702,0.786,0.281,"USA"
"United States",2015,6.864,10.975,0.904,66.6,0.849,0.213,0.698,0.769,0.275,"USA"
"United States",2016,6.804,10.985,0.897,66.475,0.758,0.138,0.739,0.737,0.264,"USA"
"United States",2017,6.992,11.001,0.921,66.35,0.868,0.191,0.681,0.755,0.268,"USA"
"United States",2018,6.883,11.024,0.904,66.225,0.825,0.11,0.71,0.757,0.292,"USA"
"United States",2019,6.944,11.042,0.917,66.1,0.836,0.138,0.707,0.755,0.244,"USA"
"United States",2020,7.028,11.005,0.937,65.975,0.85,0.028,0.678,0.722,0.295,"USA"
"United States",2021,6.959,11.061,0.92,65.85,0.816,0.188,0.687,0.74,0.277,"USA"
"United States",2022,6.693,11.078,0.9,65.725,0.736,0.189,0.701,0.712,0.267,"USA"
"United States",2023,6.521,11.089,0.861,65.6,0.721,0.185,0.722,0.706,0.284,"USA"
